id,latitude,longitude,code_postal,pop,adresse,ville,prix_gazole_maj,prix_gazole,prix_sp95_maj,prix_sp95,prix_e85_maj,prix_e85,prix_e10_maj,prix_e10,prix_sp98_maj,prix_sp98,début_rupture_sp98_(si_temporaire),début_rupture_sp95_(si_temporaire),type_rupture_sp95,type_rupture_gazole,carburants_disponibles,carburants_indisponibles,carburants_en_rupture_temporaire,carburants_en_rupture_definitive,automate_24_24,service_propose,departement,code_departement,région,code_region
95350002,49.00763, 2.35163,95350,R,20 avenue robert schumann,Saint-Brice-sous-Forêt,2026-06-18 00:42:00,2.019,2025-12-31 19:37:56,1.738,2026-06-18 00:42:00,0.74,2026-06-18 00:42:00,1.895,2026-06-18 00:42:00,2.026,,,,,"Gazole,SP95,E85,GPLc,E10,SP98",,,,Oui,"Vente de gaz domestique (Butane, Propane),Automate CB 24/24,DAB (Distributeur automatique de billets)",Val-d'Oise,95,Île-de-France,11
69480002,45.943, 4.715,69480,R,633 route de villefranche,Anse,2026-06-17 06:18:21,2.049,2026-06-17 06:18:21,2.009,,,,,2026-06-17 06:18:21,2.049,,,,,"Gazole,SP95,SP98","E85,GPLc,E10",,E85;GPLc;E10,Non,"Boutique non alimentaire,Carburant additivé,Services réparation / entretien,Vente de gaz domestique (Butane, Propane)",Rhône,69,Auvergne-Rhône-Alpes,84
73600010,45.487973282321, 6.529250635582001,73600,R,446 AVENUE DES 16EMES J.O. D HIVER,Moûtiers,2026-06-03 00:01:00,1.999,,,2026-06-03 00:01:00,0.839,2026-06-03 00:01:00,1.939,2026-06-03 00:01:00,1.999,,2025-10-15T15:27:44+00:00,definitive,,"Gazole,E85,E10,SP98","SP95,GPLc",,SP95;GPLc,Oui,Automate CB 24/24,Savoie,73,Auvergne-Rhône-Alpes,84
59130001,50.645, 3.029,59130,R,237 Avenue de l'Hippodrome,Lambersart,2026-06-18 11:31:00,1.948,,,,,2026-06-18 11:31:00,1.918,2026-06-18 11:31:00,1.998,,,,,"Gazole,E10,SP98","SP95,E85,GPLc",E85;GPLc,,Non,,Nord,59,Hauts-de-France,32
6540002,43.964, 7.524,6540,R,839 route de LA GIANDOLA,Breil-sur-Roya,2026-06-06 08:06:03,2.02,,,,,2026-06-06 08:06:03,2.012,2026-06-06 08:06:03,2.068,,2017-09-05T09:14:39+00:00,definitive,,"Gazole,E10,SP98","SP95,E85,GPLc",,SP95;E85;GPLc,Oui,"Toilettes publiques,Boutique alimentaire,Boutique non alimentaire,Station de gonflage,Carburant additivé,Piste poids lourds,Lavage automatique,Lavage manuel,Services réparation / entretien,Vente de gaz domestique (Butane, Propane),Vente d'additifs carburants,Automate CB 24/24,DAB (Distributeur automatique de billets)",Alpes-Maritimes,06,Provence-Alpes-Côte d'Azur,93
93160004,48.843, 2.577,93160,R,2 Rue des Hauts-Châteaux,Noisy-le-Grand,2026-06-01 06:31:00,2.25,,,,,2026-06-01 06:31:00,1.99,2026-06-01 06:31:00,2.07,,,,,"Gazole,E10,SP98","SP95,E85,GPLc",,,Non,,Seine-Saint-Denis,93,Île-de-France,11
94000004,48.791, 2.462,94000,R,22 Avenue Pierre Brossolette,Créteil,2026-06-18 11:21:00,1.942,,,2026-06-18 11:21:00,0.914,2026-06-18 11:21:00,1.884,2026-06-18 11:21:00,1.964,,,,,"Gazole,E85,E10,SP98","SP95,GPLc",,,Non,,Val-de-Marne,94,Île-de-France,11
31330005,43.768739365359004, 1.295984410997,31330,R,18 Av. Lazare Carnot,Grenade,2026-06-17 08:07:44,1.94,2026-06-17 08:07:45,1.99,,,,,2026-06-17 08:07:45,2.06,,,,,"Gazole,SP95,SP98","E85,GPLc,E10",,E85;GPLc;E10,Oui,"Toilettes publiques,Restauration à emporter,Station de gonflage,Carburant additivé,Automate CB 24/24",Haute-Garonne,31,Occitanie,76
22120005,48.422, -2.656,22120,R,Rue de l'Argentaie,Quessoy,2026-06-17 13:19:54,1.949,,,,,2026-06-17 13:19:54,1.899,2026-06-17 13:19:54,1.999,,2018-07-07T09:58:11+00:00,definitive,,"Gazole,E10,SP98","SP95,E85,GPLc",,SP95;E85;GPLc,Oui,"Laverie,Relais colis,Station de gonflage,Lavage manuel,Vente de gaz domestique (Butane, Propane),Automate CB 24/24,DAB (Distributeur automatique de billets)",Côtes-d'Armor,22,Bretagne,53
42590001,45.908809000000005, 4.1785,42590,R,661 rue de la République,Neulise,2026-06-18 07:41:35,2.129,2026-06-18 07:41:35,1.99,,,,,,,2026-04-23T08:51:48+00:00,,,,"Gazole,SP95","E85,GPLc,E10,SP98",,E85;GPLc;E10;SP98,Non,"Location de véhicule,Lavage manuel,Services réparation / entretien,Vente de gaz domestique (Butane, Propane),Automate CB 24/24",Loire,42,Auvergne-Rhône-Alpes,84
64150008,43.385654130567, -0.61129551817699,64150,R,CHEMIN DEPARTEMENTAL 533,Mourenx,2026-06-18 08:55:52,1.976,2026-06-13 19:00:00,1.979,,,,,2026-06-13 19:00:00,2.026,,,,,"Gazole,SP95,SP98","E85,GPLc,E10",,E85;GPLc;E10,Oui,"Laverie,Location de véhicule,Vente de gaz domestique (Butane, Propane),Automate CB 24/24",Pyrénées-Atlantiques,64,Nouvelle-Aquitaine,75
70300012,47.817, 6.381,70300,R,AVENUE MARECHAL TURENNE,Luxeuil-les-Bains,2026-06-15 15:13:09,1.949,,,2026-06-15 15:13:53,0.809,2026-06-15 15:13:09,1.929,2026-06-15 15:13:54,2.015,,2023-10-17T17:06:40+00:00,definitive,,"Gazole,E85,E10,SP98","SP95,GPLc",,SP95;GPLc,Oui,"Toilettes publiques,Laverie,Relais colis,Station de gonflage,Piste poids lourds,Lavage automatique,Bornes électriques,Automate CB 24/24,DAB (Distributeur automatique de billets)",Haute-Saône,70,Bourgogne-Franche-Comté,27
62360006,50.689, 1.619,62360,R,43 BOULEVARD DE LA LIANE,Saint-Léonard,2026-06-18 00:01:00,1.817,,,,,2026-06-18 00:01:00,1.825,2026-06-18 00:01:00,1.94,,2025-12-18T07:27:23+00:00,definitive,,"Gazole,E10,SP98","SP95,E85,GPLc",,SP95;E85;GPLc,Oui,"Boutique alimentaire,Station de gonflage,Carburant additivé,Piste poids lourds,Lavage automatique,Lavage manuel,Vente de gaz domestique (Butane, Propane),Automate CB 24/24",Pas-de-Calais,62,Hauts-de-France,32
50600002,48.588, -1.087,50600,R,7 ZA la Rivière,Grandparigny,2026-06-09 08:07:40,2.049,2026-06-09 08:07:41,2.019,,,,,2026-06-09 08:07:41,2.179,,,,,"Gazole,SP95,SP98","E85,GPLc,E10",,E85;GPLc;E10,Oui,"Vente de gaz domestique (Butane, Propane),Automate CB 24/24,DAB (Distributeur automatique de billets)",Manche,50,Normandie,28
80580001,50.058008, 1.9002544000000001,80580,R,RUE JEAN MOULIN,Pont-Remy,2026-06-16 12:48:44,1.873,,,,,2026-06-16 12:48:44,1.899,2026-06-16 12:48:44,2.018,,2021-02-23T09:09:13+00:00,definitive,,"Gazole,E10,SP98","SP95,E85,GPLc",,SP95,Non,"Piste poids lourds,DAB (Distributeur automatique de billets)",Somme,80,Hauts-de-France,32
8150003,49.833628, 4.603904,8150,R,89 AVENUE DES MARTYRS DE LA RESISTANCE,Renwez,2026-06-18 09:37:24,1.99,2026-06-01 14:22:38,1.99,,,,,,,,,,,"Gazole,SP95","E85,GPLc,E10,SP98",,,Oui,"Services réparation / entretien,Automate CB 24/24",Ardennes,08,Grand Est,44
83136012,43.339, 6.084,83136,R,43 avenue de La Liberation,Forcalqueiret,2026-06-18 06:22:06,1.925,2026-06-18 06:22:06,1.99,,,,,2026-06-18 06:22:07,1.99,,,,,"Gazole,SP95,SP98","E85,GPLc,E10",,E85;GPLc;E10,Oui,"Boutique alimentaire,Vente de fioul domestique,Station de gonflage,Vente de gaz domestique (Butane, Propane),Vente d'additifs carburants,Automate CB 24/24",Var,83,Provence-Alpes-Côte d'Azur,93
64100010,43.483, -1.488,64100,R,22 Chemin d'Arancette,Bayonne,2026-06-18 09:43:42,1.998,2026-06-18 09:43:42,1.93,,,,,2026-06-18 09:43:42,1.966,,,,,"Gazole,SP95,SP98","E85,GPLc,E10",,E85;GPLc;E10,Non,"Relais colis,Station de gonflage,Location de véhicule,Vente de gaz domestique (Butane, Propane),DAB (Distributeur automatique de billets)",Pyrénées-Atlantiques,64,Nouvelle-Aquitaine,75
57600003,49.174, 6.918,57600,R,655 Rue de Sarreguemines,Œting,2026-06-17 16:41:00,2.002,,,,,2026-06-17 16:41:00,1.978,2026-06-17 16:41:00,2.107,,,,,"Gazole,E10,SP98","SP95,E85,GPLc",,,Non,,Moselle,57,Grand Est,44
24340002,45.447, 0.467,24340,R,Lieu dit chez Noillac,Mareuil en Périgord,2026-06-05 10:27:45,2.079,2026-06-05 10:27:45,2.029,,,,,2026-06-05 10:27:46,2.139,,,,,"Gazole,SP95,SP98","E85,GPLc,E10",,E85;GPLc;E10,Oui,"Laverie,Relais colis,Boutique alimentaire,Vente de gaz domestique (Butane, Propane),Automate CB 24/24,DAB (Distributeur automatique de billets)",Dordogne,24,Nouvelle-Aquitaine,75
57580002,49.017, 6.384,57580,R,route de Metz,Rémilly,2026-06-17 14:18:00,1.929,,,2026-06-06 12:04:13,0.839,2026-06-17 14:18:00,1.949,2026-06-15 11:46:16,2.039,,2017-09-01T08:42:42+00:00,definitive,,"Gazole,E85,E10,SP98","SP95,GPLc",,SP95;GPLc,Non,"Toilettes publiques,Relais colis,Boutique alimentaire,Restauration à emporter,Restauration sur place,Vente de fioul domestique,Vente de pétrole lampant,Station de gonflage,Location de véhicule,Piste poids lourds,Lavage automatique,Lavage manuel,Vente de gaz domestique (Butane, Propane),Bornes électriques,Wifi,DAB (Distributeur automatique de billets)",Moselle,57,Grand Est,44
78760004,48.804, 1.896,78760,R,32 ROUTE DU PONTEL,Jouars-Pontchartrain,2026-06-18 00:01:00,1.851,,,,,,,2026-06-18 00:01:00,1.97,,2022-10-13T07:11:22+00:00,definitive,,"Gazole,SP98","SP95,E85,GPLc,E10",,SP95;E85;GPLc,Non,"Boutique alimentaire,Boutique non alimentaire,Station de gonflage,Carburant additivé,Lavage automatique,Lavage manuel,Vente de gaz domestique (Butane, Propane)",Yvelines,78,Île-de-France,11
8130003,49.479, 4.577,8130,R,3 Rue Saint-Charles,Attigny,2026-06-06 08:42:46,2.04,2026-06-06 08:42:46,2.02,2026-05-16 09:51:43,0.88,,,,,2020-01-22T14:44:56+00:00,,,,"Gazole,SP95,E85","GPLc,E10,SP98",,GPLc;E10;SP98,Oui,"Boutique alimentaire,Vente de gaz domestique (Butane, Propane),Automate CB 24/24",Ardennes,08,Grand Est,44
84200008,44.08, 5.067,84200,R,2875 Route de malaucene,Carpentras,2026-06-02 09:41:34,2.109,2026-04-16 10:52:18,2.149,2026-03-04 13:02:48,0.999,,,2026-06-02 09:41:34,2.169,,,,,"Gazole,SP95,E85,SP98","GPLc,E10",,,Oui,Automate CB 24/24,Vaucluse,84,Provence-Alpes-Côte d'Azur,93
71230002,46.648, 4.34,71230,R,ZI de la Saule,Saint-Vallier,2026-06-17 10:16:06,1.899,2026-06-17 10:16:06,1.929,,,2026-06-17 10:16:07,1.869,2026-06-17 10:16:07,1.969,,,,,"Gazole,SP95,E10,SP98","E85,GPLc",E85,GPLc,Oui,"Toilettes publiques,Laverie,Boutique alimentaire,Restauration sur place,Bar,Station de gonflage,Lavage automatique,Lavage manuel,Vente de gaz domestique (Butane, Propane),Vente d'additifs carburants,Automate CB 24/24,DAB (Distributeur automatique de billets)",Saône-et-Loire,71,Bourgogne-Franche-Comté,27
94100006,48.799, 2.5,94100,R,99/101 Avenue Foch,Saint-Maur-des-Fossés,2026-06-17 13:20:00,1.941,,,,,2026-06-17 13:20:00,1.893,2026-06-17 13:20:00,1.995,,,,,"Gazole,E10,SP98","SP95,E85,GPLc",E85;GPLc,,Non,Carburant additivé,Val-de-Marne,94,Île-de-France,11
62380001,50.70998, 2.12748,62380,R,57 Avenue Bernard Chochoy,Lumbres,2026-06-18 08:15:30,1.912,,,2026-06-18 08:15:30,0.829,2026-06-18 08:15:30,1.922,2026-06-18 08:15:30,1.99,,2022-10-17T08:55:49+00:00,definitive,,"Gazole,E85,E10,SP98","SP95,GPLc",,SP95;GPLc,Non,"Toilettes publiques,Boutique non alimentaire,Station de gonflage,Carburant additivé,Piste poids lourds",Pas-de-Calais,62,Hauts-de-France,32
69500008,45.738, 4.894,69500,R,16 AV F ROOSEVELT,Bron,2026-06-18 00:01:00,1.841,,,,,2026-06-18 00:01:00,1.843,2026-06-18 00:01:00,1.964,,2026-04-07T08:21:04+00:00,temporaire,,"Gazole,E10,SP98","SP95,E85,GPLc",SP95,,Oui,"Boutique alimentaire,Boutique non alimentaire,Station de gonflage,Carburant additivé,Lavage automatique,Vente de gaz domestique (Butane, Propane),Wifi,Automate CB 24/24",Rhône,69,Auvergne-Rhône-Alpes,84
5100009,44.934, 6.733,5100,R,RN 94,Montgenèvre,2026-06-12 12:00:00,1.999,,,2026-06-12 07:46:05,0.89,2026-06-12 12:00:00,1.99,2026-06-12 12:00:00,2.11,,2020-07-15T09:39:24+00:00,definitive,,"Gazole,E85,E10,SP98","SP95,GPLc",,SP95;GPLc,Oui,"Station de gonflage,Piste poids lourds,Bornes électriques,Automate CB 24/24",Hautes-Alpes,05,Provence-Alpes-Côte d'Azur,93
64330001,43.557, -0.284,64330,R,Avenue Georges Phesans,Garlin,2026-06-15 11:18:58,1.99,,,2026-06-15 11:18:58,0.809,2026-06-15 11:18:58,1.965,2026-06-15 11:18:58,2.096,,2022-11-09T15:28:59+00:00,definitive,,"Gazole,E85,E10,SP98","SP95,GPLc",,SP95;GPLc,Non,"Toilettes publiques,Laverie,Boutique alimentaire,Boutique non alimentaire,Station de gonflage,Carburant additivé,Location de véhicule,Piste poids lourds,Lavage automatique,Lavage manuel,Vente de gaz domestique (Butane, Propane),Bornes électriques",Pyrénées-Atlantiques,64,Nouvelle-Aquitaine,75
34170001,43.623, 3.898,34170,R,753 Route de la Pompignane,Castelnau-le-Lez,2026-06-18 07:29:03,1.919,,,2026-06-18 07:29:03,0.859,2026-06-18 07:29:03,1.899,2026-06-18 07:29:03,1.999,,2018-04-26T15:05:36+00:00,definitive,,"Gazole,E85,E10,SP98","SP95,GPLc",,SP95;GPLc,Oui,"Boutique alimentaire,Station de gonflage,Location de véhicule,Piste poids lourds,Vente de gaz domestique (Butane, Propane),Automate CB 24/24,DAB (Distributeur automatique de billets)",Hérault,34,Occitanie,76
55700006,49.483853119268, 5.2033975146027,55700,R,AVENUE DE VERDUN,Stenay,2026-06-18 07:34:19,1.88,2026-06-18 07:34:20,1.947,,,,,2026-06-18 07:34:20,2.021,,,,,"Gazole,SP95,SP98","E85,GPLc,E10",,E85;GPLc;E10,Non,Piste poids lourds,Meuse,55,Grand Est,44
70130001,47.551, 5.856,70130,R,"12, avenue des Peupliers",Fresne-Saint-Mamès,2026-06-12 10:33:13,1.996,,,,,2026-06-12 10:33:13,1.996,2026-06-12 10:33:13,2.096,,2026-02-14T11:20:40+00:00,temporaire,,"Gazole,E10,SP98","SP95,E85,GPLc",SP95;E85;GPLc,,Non,,Haute-Saône,70,Bourgogne-Franche-Comté,27
59280001,50.683, 2.881,59280,R,20 Rue Gambetta,Armentières,2026-06-17 12:21:00,1.951,,,,,2026-06-17 12:21:00,1.897,2026-06-17 12:21:00,2.039,,,,,"Gazole,E10,SP98","SP95,E85,GPLc",E85;GPLc,,Non,,Nord,59,Hauts-de-France,32
8090001,49.805, 4.621,8090,R,RN 43 LE PORT LEROY,Cliron,2026-06-15 11:40:00,2.008,,,,,2026-06-15 11:40:00,2.004,2026-06-15 11:40:00,2.168,,,,,"Gazole,E10,SP98","SP95,E85,GPLc",,,Non,,Ardennes,08,Grand Est,44
77210001,48.417, 2.723,77210,R,73 Avenue du Président Franklin Roosevelt,Fontainebleau,2026-06-17 16:41:00,1.952,,,2026-06-17 16:41:00,0.92,2026-06-17 16:41:00,1.888,2026-06-17 16:41:00,1.968,,,,,"Gazole,E85,E10,SP98","SP95,GPLc",,,Non,,Seine-et-Marne,77,Île-de-France,11
67120002,48.529266519707, 7.4974740576593994,67120,R,RN 422,Dorlisheim,2026-06-18 07:51:33,1.949,,,,,2026-06-18 07:51:33,1.921,2026-06-18 07:51:33,1.99,,,,,"Gazole,E10,SP98","SP95,E85,GPLc",,E85;GPLc,Non,"Toilettes publiques,Boutique non alimentaire,Station de gonflage,Carburant additivé,Piste poids lourds,Lavage automatique",Bas-Rhin,67,Grand Est,44
91180001,48.603, 2.248,91180,R,RN 20,Saint-Germain-lès-Arpajon,2026-06-17 12:21:00,1.948,,,,,2026-06-17 12:21:00,1.926,2026-06-17 12:21:00,2.023,,,,,"Gazole,E10,SP98","SP95,E85,GPLc",,,Non,,Essonne,91,Île-de-France,11
42155001,45.992, 3.982,42155,R,RUE DE LA BRUYERE,Lentigny,2026-06-17 08:04:11,1.949,,,2026-06-12 17:16:48,0.899,2026-06-17 08:04:11,1.919,2026-06-17 08:04:11,2.049,,2020-07-30T11:55:39+00:00,definitive,,"Gazole,E85,E10,SP98","SP95,GPLc",,SP95;GPLc,Oui,"Laverie,Restauration à emporter,Restauration sur place,Vente de fioul domestique,Station de gonflage,Aire de camping-cars,Location de véhicule,Piste poids lourds,Lavage automatique,Lavage manuel,Vente de gaz domestique (Butane, Propane),Bornes électriques,Automate CB 24/24,DAB (Distributeur automatique de billets)",Loire,42,Auvergne-Rhône-Alpes,84
95100030,48.95763, 2.27971,95100,R,RUE JACQUES BREL,Argenteuil,2026-06-18 00:01:00,1.957,,,2026-06-18 00:01:00,0.884,2026-06-18 00:01:00,1.973,2026-06-18 00:01:00,1.99,,,,,"Gazole,E85,E10,SP98","SP95,GPLc",,,Non,"Toilettes publiques,Boutique alimentaire,Boutique non alimentaire,Station de gonflage,Carburant additivé,Lavage automatique,Lavage manuel,Vente de gaz domestique (Butane, Propane),DAB (Distributeur automatique de billets)",Val-d'Oise,95,Île-de-France,11
85700002,46.775, -0.846,85700,R,35 Rue Charles Largeteau,Pouzauges,2026-06-18 09:04:31,1.833,,,2026-06-18 09:04:31,0.774,2026-06-18 09:04:32,1.853,2026-06-18 09:04:32,1.962,,2020-01-21T15:40:54+00:00,definitive,,"Gazole,E85,E10,SP98","SP95,GPLc",,SP95;GPLc,Oui,"Restauration sur place,Station de gonflage,Aire de camping-cars,Location de véhicule,Piste poids lourds,Lavage automatique,Lavage manuel,Vente de gaz domestique (Butane, Propane),Automate CB 24/24,DAB (Distributeur automatique de billets)",Vendée,85,Pays de la Loire,52
39120002,46.958, 5.409,39120,R,Route de Longwy,Chaussin,2026-06-17 06:52:09,1.919,,,,,2026-06-17 06:52:09,1.879,2026-06-17 06:52:09,1.999,,2024-01-09T11:03:07+00:00,definitive,,"Gazole,E10,SP98","SP95,E85,GPLc",,SP95;E85;GPLc,Non,"Boutique alimentaire,Boutique non alimentaire,Station de gonflage,Piste poids lourds,Vente de gaz domestique (Butane, Propane),DAB (Distributeur automatique de billets)",Jura,39,Bourgogne-Franche-Comté,27
10360001,48.0606395, 4.5380332,10360,R,14 rue du bocage,Essoyes,2026-06-03 07:26:41,2.079,2026-06-03 07:26:41,2.099,,,,,2026-06-03 07:26:41,2.149,,,,,"Gazole,SP95,SP98","E85,GPLc,E10",,E85;GPLc;E10,Oui,"Relais colis,Boutique alimentaire,Boutique non alimentaire,Restauration à emporter,Aire de camping-cars,Bornes électriques,Automate CB 24/24",Aube,10,Grand Est,44
13180001,43.392295526141005, 5.2569421627957,13180,A,AIRE DE REBUTY A55,Le Rove,2026-06-18 06:00:00,2.229,,,2026-06-18 06:00:00,0.999,2026-06-18 06:00:00,2.169,2026-06-18 06:00:00,2.269,,,,,"Gazole,E85,GPLc,E10,SP98",SP95,,,Non,"Toilettes publiques,Douches,Boutique alimentaire,Bar,Station de gonflage,Carburant additivé,Espace bébé",Bouches-du-Rhône,13,Provence-Alpes-Côte d'Azur,93
11160003,43.284583541238, 2.5747807541329997,11160,R,Avenue Ernest Ferroul,Peyriac-Minervois,2026-06-18 11:44:53,1.829,2026-06-18 11:44:54,1.879,,,,,2026-06-18 11:44:54,1.959,,,,,"Gazole,SP95,SP98","E85,GPLc,E10",,E85;GPLc;E10,Oui,"Laverie,Automate CB 24/24",Aude,11,Occitanie,76
57340004,48.934, 6.652,57340,R,rue lavoisier,Morhange,2026-06-18 07:23:46,1.863,,,2026-06-18 07:23:46,0.842,2026-06-18 07:23:46,1.855,2026-06-18 07:23:46,1.965,,2026-04-14T09:00:36+00:00,definitive,,"Gazole,E85,E10,SP98","SP95,GPLc",,SP95;GPLc,Oui,"Laverie,Relais colis,Station de gonflage,Carburant additivé,Piste poids lourds,Lavage automatique,Lavage manuel,Automate CB 24/24",Moselle,57,Grand Est,44
83790001,43.302, 6.236,83790,R,Lieu dit le Fege- RN97,Pignans,2026-06-17 10:51:52,1.969,2026-06-17 10:51:52,1.957,,,2026-06-17 10:51:53,1.925,,,2019-02-15T09:09:18+00:00,,,,"Gazole,SP95,E10","E85,GPLc,SP98",,E85;GPLc;SP98,Oui,"Laverie,Boutique alimentaire,Restauration à emporter,Vente de pétrole lampant,Location de véhicule,Vente de gaz domestique (Butane, Propane),Bornes électriques,Wifi,Automate CB 24/24",Var,83,Provence-Alpes-Côte d'Azur,93
3200005,46.143, 3.415,3200,R,Allée des ailes,Vichy,2026-06-17 10:46:17,1.938,,,,,2026-06-17 10:46:17,1.93,2026-06-17 10:46:17,2.048,,2019-08-30T08:39:55+00:00,definitive,,"Gazole,E10,SP98","SP95,E85,GPLc",,SP95,Oui,"Laverie,Station de gonflage,Vente de gaz domestique (Butane, Propane),Automate CB 24/24",Allier,03,Auvergne-Rhône-Alpes,84
3210001,46.536, 3.203,3210,R,1 ROUTE DE COSNE,Souvigny,2026-06-13 06:33:37,1.999,2026-06-08 12:16:41,2.099,,,2026-06-08 12:16:41,2.019,,,2017-09-01T08:32:55+00:00,,,,"Gazole,SP95,E10","E85,GPLc,SP98",,E85;GPLc;SP98,Oui,"Laverie,Vente de pétrole lampant,Station de gonflage,Piste poids lourds,Lavage manuel,Vente de gaz domestique (Butane, Propane),Automate CB 24/24,DAB (Distributeur automatique de billets)",Allier,03,Auvergne-Rhône-Alpes,84
87570002,45.89885, 1.31178,87570,R,87 rue jean monet,Rilhac-Rancon,2026-06-17 04:28:04,1.969,2026-06-17 04:28:04,1.969,,,,,2026-06-17 04:28:04,1.999,,,,,"Gazole,SP95,SP98","E85,GPLc,E10",,E85;GPLc;E10,Non,"Restauration à emporter,Station de gonflage,Lavage manuel,Vente de gaz domestique (Butane, Propane),DAB (Distributeur automatique de billets)",Haute-Vienne,87,Nouvelle-Aquitaine,75
91100019,48.611, 2.452,91100,R,46 avenue du 8 mai 1945,Corbeil-Essonnes,2026-06-17 13:21:00,1.884,,,,,2026-06-17 13:21:00,1.917,2026-06-17 13:21:00,1.997,,2022-10-14T14:57:44+00:00,temporaire,,"Gazole,E10,SP98","SP95,E85,GPLc",SP95,,Non,"Station de gonflage,Piste poids lourds,DAB (Distributeur automatique de billets)",Essonne,91,Île-de-France,11
59300021,50.366, 3.513,59300,R,36 AV DE ST AMAND,Valenciennes,2026-06-18 11:33:27,1.849,,,,,2026-06-18 11:33:27,1.869,2026-06-18 11:33:27,2.039,,2023-04-01T11:34:14+00:00,definitive,,"Gazole,E10,SP98","SP95,E85,GPLc",,SP95;E85;GPLc,Non,"Toilettes publiques,Boutique alimentaire,Boutique non alimentaire,Station de gonflage,Carburant additivé,Services réparation / entretien,Vente de gaz domestique (Butane, Propane)",Nord,59,Hauts-de-France,32
73000012,45.609640912985, 5.886971258695,73000,R,VOIE RAP. URB. RN 201,La Motte-Servolex,2026-06-18 00:01:00,1.851,,,,,2026-06-18 00:01:00,1.858,2026-06-18 00:01:00,1.978,,2017-09-21T08:16:26+00:00,definitive,,"Gazole,GPLc,E10,SP98","SP95,E85",,SP95;E85,Non,"Station de gonflage,Carburant additivé,Piste poids lourds,Vente de gaz domestique (Butane, Propane),DAB (Distributeur automatique de billets)",Savoie,73,Auvergne-Rhône-Alpes,84
34620002,43.367, 3.049,34620,R,43 avenue de béziers,Puisserguier,2026-06-08 19:31:30,2.085,2026-06-04 19:42:55,2.056,2026-06-08 19:31:31,0.919,,,2026-06-04 19:42:55,2.11,,,,,"Gazole,SP95,E85,SP98","GPLc,E10",,GPLc;E10,Oui,"Vente de fioul domestique,Station de gonflage,Piste poids lourds,Vente de gaz domestique (Butane, Propane),Automate CB 24/24",Hérault,34,Occitanie,76
67210004,48.45959, 7.49509,67210,R,8 RUE DU MARECHAL JUIN,Obernai,2026-06-18 00:01:00,1.933,,,2026-06-18 00:01:00,0.831,,,,,2026-06-01T11:30:46+00:00,2023-02-04T17:02:58+00:00,temporaire,,"Gazole,E85","SP95,GPLc,E10,SP98",SP95;GPLc,E10;SP98,Non,,Bas-Rhin,67,Grand Est,44
15290001,44.855, 2.233,15290,R,35 bis Avenue du 15 Septembre 1945,Le Rouget-Pers,2026-06-18 07:22:27,1.965,,,,,2026-06-18 07:22:27,1.942,2026-06-18 07:22:28,2.062,,2021-09-09T07:30:11+00:00,definitive,,"Gazole,E10,SP98","SP95,E85,GPLc",,SP95;E85;GPLc,Oui,"Toilettes publiques,Boutique non alimentaire,Vente de fioul domestique,Vente de pétrole lampant,Station de gonflage,Lavage automatique,Vente de gaz domestique (Butane, Propane),Automate CB 24/24,DAB (Distributeur automatique de billets)",Cantal,15,Auvergne-Rhône-Alpes,84
26800007,44.864, 4.866,26800,A,AUTOROUTE A7 - AIRE PORTE LES VALENCE EST,Portes-lès-Valence,2026-06-18 00:01:00,2.036,2026-05-18 08:37:36,1.99,2026-06-18 00:01:00,0.978,2026-06-18 00:01:00,1.99,2026-06-18 00:01:00,1.99,,,,,"Gazole,SP95,E85,E10,SP98",GPLc,,GPLc,Oui,"Toilettes publiques,Douches,Boutique alimentaire,Boutique non alimentaire,Restauration à emporter,Restauration sur place,Station de gonflage,Aire de camping-cars,Piste poids lourds,Espace bébé,Bornes électriques,Wifi,Automate CB 24/24,DAB (Distributeur automatique de billets)",Drôme,26,Auvergne-Rhône-Alpes,84
21150002,47.54, 4.461,21150,R,Avenue de Dijon,Venarey-les-Laumes,2026-06-17 08:00:00,1.949,2026-06-17 08:00:00,1.979,,,,,2026-06-17 08:00:00,1.999,,,,,"Gazole,SP95,SP98","E85,GPLc,E10",,E10,Oui,"Toilettes publiques,Laverie,Vente de gaz domestique (Butane, Propane),Automate CB 24/24",Côte-d'Or,21,Bourgogne-Franche-Comté,27
81000003,43.938, 2.183,81000,R,RouTE DE Saint JUERY LA RENAUDIE,Albi,2026-06-18 07:29:23,1.999,,,,,2026-06-04 12:48:10,1.99,2026-06-04 12:48:10,1.99,,2018-05-12T13:51:33+00:00,definitive,,"Gazole,E10,SP98","SP95,E85,GPLc",,SP95;E85;GPLc,Oui,"Boutique non alimentaire,Carburant additivé,Vente de gaz domestique (Butane, Propane),Automate CB 24/24",Tarn,81,Occitanie,76
88270001,48.22, 6.224,88270,R,Rue des Grands Jardins,Dompaire,2026-06-13 10:28:00,1.989,,,,,2026-06-13 10:28:01,1.939,2026-06-13 10:28:01,2.049,,2025-11-26T14:49:44+00:00,definitive,,"Gazole,E10,SP98","SP95,E85,GPLc",,SP95;E85;GPLc,Oui,"Laverie,Station de gonflage,Piste poids lourds,Lavage automatique,Lavage manuel,Vente de gaz domestique (Butane, Propane),Automate CB 24/24",Vosges,88,Grand Est,44
42380001,45.432, 4.072,42380,R,LE GRAND GUERET,La Tourette,2026-06-16 17:35:13,1.899,,,2026-05-15 09:10:29,0.818,2026-06-16 17:35:13,1.899,,,2022-08-26T11:40:37+00:00,2018-06-08T09:39:14+00:00,definitive,,"Gazole,E85,E10","SP95,GPLc,SP98",SP98,SP95;GPLc,Non,"Laverie,Relais colis,Station de gonflage,Location de véhicule,Piste poids lourds,Lavage manuel,Vente de gaz domestique (Butane, Propane),Bornes électriques,DAB (Distributeur automatique de billets)",Loire,42,Auvergne-Rhône-Alpes,84
40500002,43.773, -0.567,40500,R,Route de Mont de Marsan,Saint-Sever,2026-06-17 04:53:32,1.899,,,,,,,2026-06-17 04:53:32,2.099,,2026-03-12T17:02:34+00:00,definitive,,"Gazole,GPLc,SP98","SP95,E85,E10",E10,SP95;E85,Non,"Station de gonflage,Location de véhicule,Piste poids lourds,Lavage manuel,Vente de gaz domestique (Butane, Propane),DAB (Distributeur automatique de billets)",Landes,40,Nouvelle-Aquitaine,75
24230002,44.852, 0.104,24230,R,26 Avenue del peirigord,Vélines,2026-06-16 06:30:35,1.988,2026-06-13 10:59:55,1.989,,,,,2026-06-06 11:29:05,2.066,,,,,"Gazole,SP95,SP98","E85,GPLc,E10",,E85;GPLc;E10,Oui,"Relais colis,Boutique alimentaire,Vente de gaz domestique (Butane, Propane),Automate CB 24/24",Dordogne,24,Nouvelle-Aquitaine,75
67310003,48.646, 7.453,67310,R,58 Route de Hohengoeft,Wasselonne,2026-06-18 09:28:00,1.855,,,,,2026-06-18 09:28:00,1.873,2026-06-18 09:28:00,1.947,,2017-08-30T08:36:47+00:00,definitive,,"Gazole,E10,SP98","SP95,E85,GPLc",,SP95;E85;GPLc,Oui,"Piste poids lourds,Automate CB 24/24",Bas-Rhin,67,Grand Est,44
91410004,48.706, 2.343,91420,R,69 Avenue Charles de Gaulle,Morangis,2026-06-04 10:02:17,1.999,2026-05-29 10:05:08,1.979,,,2026-05-29 10:05:08,1.939,2026-05-29 10:05:09,1.999,,,,,"Gazole,SP95,E10,SP98","E85,GPLc",,E85;GPLc,Oui,Automate CB 24/24,Essonne,91,Île-de-France,11
67452001,48.655, 7.724,67450,R,1 Boulevard des Enseignes,Vendenheim,2026-06-18 10:31:49,1.846,,,,,2026-06-18 10:31:50,1.88,2026-06-18 10:31:50,1.95,,2017-10-02T15:55:11+00:00,definitive,,"Gazole,GPLc,E10,SP98","SP95,E85",,SP95;E85,Oui,"Station de gonflage,Carburant additivé,Vente de gaz domestique (Butane, Propane),Automate CB 24/24",Bas-Rhin,67,Grand Est,44
83600020,43.43808989, 6.7190878000000005,83600,R,100 RDN 7 AV.DE VERDUN,Fréjus,2026-06-18 00:01:00,1.947,,,2026-06-18 00:01:00,0.862,2026-06-18 00:01:00,1.957,2026-06-18 00:01:00,1.99,,,,,"Gazole,E85,GPLc,E10,SP98",SP95,,,Non,"Boutique alimentaire,Boutique non alimentaire,Station de gonflage,Carburant additivé,Piste poids lourds,Lavage automatique,Vente de gaz domestique (Butane, Propane),DAB (Distributeur automatique de billets)",Var,83,Provence-Alpes-Côte d'Azur,93
83500007,43.08509, 5.88123,83500,R,Avenue Salvador Allende,La Seyne-sur-Mer,2026-06-16 08:20:00,1.923,,,2026-06-16 06:14:52,0.809,2026-06-16 08:20:00,1.894,2026-06-16 08:20:00,1.999,,2018-09-24T11:55:31+00:00,definitive,,"Gazole,E85,E10,SP98","SP95,GPLc",,SP95;GPLc,Non,DAB (Distributeur automatique de billets),Var,83,Provence-Alpes-Côte d'Azur,93
41400006,47.342, 1.178,41400,R,60 Route de Tours,Montrichard Val de Cher,2026-06-17 11:13:26,1.919,,,,,2026-06-17 11:13:26,1.919,2026-06-17 11:13:26,2.039,,,,,"Gazole,E10,SP98","SP95,E85,GPLc",,,Oui,"Relais colis,Station de gonflage,Carburant additivé,Automate CB 24/24",Loir-et-Cher,41,Centre-Val de Loire,24
94250001,48.814, 2.348,94250,R,67 Avenue Raspail,Gentilly,2026-06-17 12:21:00,1.922,,,,,2026-06-17 12:21:00,1.934,2026-06-17 12:21:00,2.014,,,,,"Gazole,E10,SP98","SP95,E85,GPLc",E85,,Non,,Val-de-Marne,94,Île-de-France,11
62218002,50.448, 2.865,62218,R,Rue de l'Abbaye,Loison-sous-Lens,2026-06-16 07:39:15,1.929,,,,,2026-06-18 07:32:40,1.909,2026-06-15 08:01:49,1.952,,,,,"Gazole,E10,SP98","SP95,E85,GPLc",,,Oui,"Boutique alimentaire,Boutique non alimentaire,Vente de fioul domestique,Location de véhicule,Vente de gaz domestique (Butane, Propane),Bornes électriques,Automate CB 24/24,DAB (Distributeur automatique de billets)",Pas-de-Calais,62,Hauts-de-France,32
85670002,46.882, -1.697,85670,R,8 Rue Nationale,Falleron,2026-06-01 10:30:00,2.15,,,,,2026-06-01 10:30:01,2.05,2026-06-01 10:30:01,2.28,,2023-05-15T11:33:52+00:00,definitive,,"Gazole,E10,SP98","SP95,E85,GPLc",E85,SP95;GPLc,Oui,"Toilettes publiques,Station de gonflage,Services réparation / entretien,Vente d'additifs carburants,Automate CB 24/24",Vendée,85,Pays de la Loire,52
93410002,48.935, 2.567,93410,R,64 Rue de Meaux,Vaujours,2026-06-17 11:04:46,1.989,,,,,2026-06-17 11:04:47,1.999,2026-06-17 11:04:47,2.149,,,,,"Gazole,GPLc,E10,SP98","SP95,E85",,,Non,"Boutique alimentaire,Boutique non alimentaire,Station de gonflage,Carburant additivé,Lavage automatique,Vente de gaz domestique (Butane, Propane)",Seine-Saint-Denis,93,Île-de-France,11
85170009,46.765, -1.505,85170,R,2 RUE DE LA BRACHETIERE,Le Poiré-sur-Vie,,,,,,,,,,,2026-03-20T15:55:04+00:00,2024-12-28T10:56:01+00:00,temporaire,temporaire,,,Gazole;SP95;E85;GPLc;E10;SP98,,Oui,"Laverie,Relais colis,Station de gonflage,Vente de gaz domestique (Butane, Propane),Wifi,Automate CB 24/24",Vendée,85,Pays de la Loire,52
38640001,45.119, 5.693,38640,R,Avenue de la Ridelet,Claix,2026-06-18 08:21:56,2.015,,,,,2026-06-18 08:21:56,1.947,2026-06-18 08:21:56,2.072,,2026-06-10T07:36:04+00:00,temporaire,,"Gazole,E10,SP98","SP95,E85,GPLc",SP95,E85;GPLc,Non,"Toilettes publiques,Vente de gaz domestique (Butane, Propane),DAB (Distributeur automatique de billets)",Isère,38,Auvergne-Rhône-Alpes,84
84550004,44.195, 4.731,84550,A,Aire de Mornas Village - Autoroute A7 - Sens Lyon Marseille,Mornas,2026-06-18 10:57:43,2.209,,,2026-06-18 10:57:43,1.008,2026-06-18 10:57:44,2.18,2026-06-18 10:57:43,2.306,,,,,"Gazole,E85,GPLc,E10,SP98",SP95,,,Oui,"Toilettes publiques,Douches,Boutique alimentaire,Boutique non alimentaire,Restauration à emporter,Restauration sur place,Station de gonflage,Carburant additivé,Piste poids lourds,Espace bébé,GNV,Bornes électriques,Vente d'additifs carburants,Wifi,Automate CB 24/24,DAB (Distributeur automatique de billets)",Vaucluse,84,Provence-Alpes-Côte d'Azur,93
77380001,48.649, 2.563,77380,R,Rue Charles FABRY,Combs-la-Ville,2026-06-18 09:00:00,1.879,2026-06-18 09:00:00,1.959,2026-06-11 09:00:00,0.809,2026-06-17 09:00:00,1.899,2026-06-18 09:00:00,1.999,,,,,"Gazole,SP95,E85,GPLc,E10,SP98",,,,Oui,"Laverie,Relais colis,Boutique alimentaire,Restauration à emporter,Restauration sur place,Station de gonflage,Vente de gaz domestique (Butane, Propane),Bornes électriques,Automate CB 24/24,DAB (Distributeur automatique de billets)",Seine-et-Marne,77,Île-de-France,11
30100013,44.138, 4.104,30100,R,ZI AV. DE CROUPILLAC,Alès,2026-06-18 00:01:00,1.831,,,2026-06-18 00:01:00,0.843,2026-06-18 00:01:00,1.833,2026-06-18 00:01:00,1.951,,2018-12-22T09:50:37+00:00,definitive,,"Gazole,E85,E10,SP98","SP95,GPLc",,SP95;GPLc,Oui,"Boutique alimentaire,Boutique non alimentaire,Station de gonflage,Carburant additivé,Piste poids lourds,Lavage automatique,Vente de gaz domestique (Butane, Propane),Vente d'additifs carburants,Wifi,Automate CB 24/24,DAB (Distributeur automatique de billets)",Gard,30,Occitanie,76
78140010,48.781, 2.183,78140,R,"27,RUE LOUIS BREGUET",Vélizy-Villacoublay,2026-06-18 06:23:07,1.969,,,,,2026-06-18 06:23:06,1.959,2026-06-18 06:23:07,2.139,,,,,"Gazole,E10,SP98","SP95,E85,GPLc",GPLc,,Oui,"Boutique alimentaire,Boutique non alimentaire,Station de gonflage,Carburant additivé,Lavage automatique,Vente de gaz domestique (Butane, Propane),Automate CB 24/24",Yvelines,78,Île-de-France,11
39100006,47.10875, 5.50677,39100,R,9 Rue Léon Bel,Dole,2026-06-17 06:41:40,1.899,2026-06-17 06:41:40,1.919,2026-06-11 07:34:34,0.809,2026-06-17 06:41:40,1.879,,,2024-05-13T13:16:20+00:00,,,,"Gazole,SP95,E85,GPLc,E10",SP98,,SP98,Non,"Toilettes publiques,Boutique alimentaire,Boutique non alimentaire,Restauration à emporter,Restauration sur place,Bar,Location de véhicule,Piste poids lourds,DAB (Distributeur automatique de billets)",Jura,39,Bourgogne-Franche-Comté,27
69700002,45.56, 4.81,69700,R,1293 Route de Beaucaire (Ex.45 R.N. 86),Loire-sur-Rhône,,,,,,,,,,,,2026-01-20T10:03:01+00:00,temporaire,temporaire,,,Gazole;SP95,,Non,"Toilettes publiques,Boutique non alimentaire,Station de gonflage,Carburant additivé,Piste poids lourds,Services réparation / entretien,Vente de gaz domestique (Butane, Propane),Vente d'additifs carburants",Rhône,69,Auvergne-Rhône-Alpes,84
20137007,41.602, 9.276,20137,R,Station TOTAL - Quartier La Poretta,Porto-Vecchio,2026-06-01 06:51:22,2.13,2026-03-27 06:37:19,1.99,,,,,,,2017-10-18T09:08:33+00:00,,,,"Gazole,SP95","E85,GPLc,E10,SP98",,E85;GPLc;E10;SP98,Oui,"Toilettes publiques,Boutique non alimentaire,Vente de fioul domestique,Station de gonflage,Lavage automatique,Services réparation / entretien,Vente de gaz domestique (Butane, Propane),Vente d'additifs carburants,Automate CB 24/24",Corse-du-Sud,2A,Corse,94
69009003,45.781, 4.801,69009,R,69 AVENUE DU 25EME RTS,Lyon,2026-06-17 12:20:00,1.912,,,2026-06-17 12:20:00,0.963,2026-06-17 12:20:00,1.891,2026-06-17 12:20:00,2.015,,,,,"Gazole,E85,E10,SP98","SP95,GPLc",,,Non,,Rhône,69,Auvergne-Rhône-Alpes,84
12500002,44.52411668858701, 2.7645702568363997,12500,R,24 Bd de Guizard,Espalion,2026-06-17 07:50:55,2.019,2026-06-12 07:27:09,1.99,,,,,,,2022-10-10T16:58:19+00:00,,,,"Gazole,SP95","E85,GPLc,E10,SP98",,E85;GPLc;E10;SP98,Oui,"Toilettes publiques,Station de gonflage,Carburant additivé,Location de véhicule,Lavage automatique,Services réparation / entretien,Vente de gaz domestique (Butane, Propane),Vente d'additifs carburants,Automate CB 24/24",Aveyron,12,Occitanie,76
18600003,46.833, 2.938,18600,R,Route de Saint Pierre Le Moutier,Sancoins,2026-06-13 05:19:55,1.999,2026-06-13 05:19:55,2.028,,,,,2026-06-13 05:19:55,2.069,,,,,"Gazole,SP95,SP98","E85,GPLc,E10",,E85;GPLc;E10,Non,"Station de gonflage,Vente de gaz domestique (Butane, Propane),DAB (Distributeur automatique de billets)",Cher,18,Centre-Val de Loire,24
79000015,46.348104000000006, -0.509968,79000,R,130 Avenue de NANTES,Saint-Rémy,,,,,,,,,,,2025-04-26T14:42:25+00:00,2023-10-17T10:01:09+00:00,temporaire,temporaire,,,Gazole;SP95;E85;GPLc;E10;SP98,,Oui,"Laverie,Station de gonflage,Lavage automatique,Lavage manuel,Vente de gaz domestique (Butane, Propane),Automate CB 24/24",Deux-Sèvres,79,Nouvelle-Aquitaine,75
94170002,48.851, 2.495,94170,R,264 Avenue du Général de Gaulle,Le Perreux-sur-Marne,2026-06-17 13:20:00,1.919,,,2026-06-17 13:20:00,0.916,2026-06-17 13:20:00,1.9,2026-06-17 13:20:00,1.98,,,,,"Gazole,E85,E10,SP98","SP95,GPLc",,,Oui,Automate CB 24/24,Val-de-Marne,94,Île-de-France,11
95130001,48.986, 2.238,95130,R,9 Boulevard du Bel Air,Franconville,2026-06-17 16:41:00,1.873,,,,,2026-06-17 16:41:00,1.874,2026-06-17 16:41:00,2.01,,,,,"Gazole,E10,SP98","SP95,E85,GPLc",,,Non,,Val-d'Oise,95,Île-de-France,11
12160002,44.278, 2.43,12160,R,241 Avenue de Marengo,Baraqueville,2026-06-18 07:41:54,1.995,2026-06-18 07:41:54,1.99,,,,,,,2017-09-28T07:58:17+00:00,,,,"Gazole,SP95","E85,GPLc,E10,SP98",,E85;GPLc;E10;SP98,Oui,"Toilettes publiques,Boutique non alimentaire,Station de gonflage,Piste poids lourds,Services réparation / entretien,Vente de gaz domestique (Butane, Propane),Wifi,Automate CB 24/24",Aveyron,12,Occitanie,76
95800003,49.052993645837, 2.0463281651542,95800,R,Boulevard d'Osny,Cergy,2026-06-17 16:41:00,1.962,,,,,2026-06-17 16:41:00,1.928,2026-06-17 16:41:00,2.015,,,,,"Gazole,E10,SP98","SP95,E85,GPLc",,,Non,,Val-d'Oise,95,Île-de-France,11
9210001,43.281, 1.348,9210,R,La Sinsole,Lézat-sur-Lèze,2026-06-13 20:00:00,1.997,,,2026-06-13 20:00:00,0.981,2026-06-13 20:00:00,1.929,2026-06-13 20:00:00,2.049,,2023-09-23T08:26:38+00:00,definitive,,"Gazole,E85,E10,SP98","SP95,GPLc",,SP95;GPLc,Non,"Station de gonflage,Piste poids lourds,Lavage automatique,Lavage manuel",Ariège,09,Occitanie,76
14500012,48.855352304616005, -0.86509947100102,14500,R,RUE ALPHONSE SAVEY,Vire Normandie,2026-06-18 09:30:59,1.899,,,2026-06-18 09:31:00,0.809,2026-06-18 09:31:00,1.898,2026-06-18 09:31:00,1.989,,2024-07-22T14:42:20+00:00,definitive,,"Gazole,E85,E10,SP98","SP95,GPLc",,SP95;GPLc,Oui,"Location de véhicule,Automate CB 24/24,DAB (Distributeur automatique de billets)",Calvados,14,Normandie,28
28160004,48.24, 1.083,28160,A,AUTOROUTE A11 OCEANE,Dampierre-sous-Brou,2026-06-17 16:41:00,2.208,,,,,2026-06-17 16:41:00,2.12,2026-06-17 16:41:00,2.22,,,,,"Gazole,E10,SP98","SP95,E85,GPLc",,,Non,,Eure-et-Loir,28,Centre-Val de Loire,24
42220004,45.3, 4.582,42220,R,17 BOULEVARD JEAN LOUIS RICHARD,Bourg-Argental,2026-06-18 08:12:05,1.971,,,,,2026-06-18 08:12:05,1.953,2026-06-18 08:12:05,1.99,,2021-08-17T16:57:52+00:00,definitive,,"Gazole,E10,SP98","SP95,E85,GPLc",,SP95;E85;GPLc,Oui,"Boutique alimentaire,Boutique non alimentaire,Station de gonflage,Piste poids lourds,Lavage automatique,Lavage manuel,Services réparation / entretien,Vente de gaz domestique (Butane, Propane),Vente d'additifs carburants,Automate CB 24/24",Loire,42,Auvergne-Rhône-Alpes,84
29710004,48.001, -4.336,29710,R,RUE DES ECOLES,Landudec,2026-06-18 07:38:03,1.865,2026-06-16 10:52:04,1.929,,,,,2026-06-18 07:38:03,1.955,,,,,"Gazole,SP95,SP98","E85,GPLc,E10",,E85;GPLc;E10,Non,"Laverie,Boutique alimentaire,Station de gonflage,Aire de camping-cars,Location de véhicule,Piste poids lourds,Lavage automatique,Lavage manuel,Vente de gaz domestique (Butane, Propane),DAB (Distributeur automatique de billets)",Finistère,29,Bretagne,53
61320002,48.5701616, -0.15060590000000001,61320,R,ROUTE DE LA FERTE MACE,Carrouges,2026-06-18 08:09:08,2.13,2026-06-18 08:09:08,1.99,,,,,,,2017-09-28T08:00:40+00:00,,,,"Gazole,SP95","E85,GPLc,E10,SP98",,E85;GPLc;E10;SP98,Oui,"Relais colis,Boutique non alimentaire,Lavage manuel,Automate CB 24/24",Orne,61,Normandie,28
13380002,43.341, 5.457,13380,R,89 AVENUE DE LA LIBERATION,Plan-de-Cuques,2026-06-17 16:41:00,1.878,,,2026-06-17 16:41:00,0.941,2026-06-17 16:41:00,1.854,2026-06-17 16:41:00,1.957,,,,,"Gazole,E85,E10,SP98","SP95,GPLc",,,Non,,Bouches-du-Rhône,13,Provence-Alpes-Côte d'Azur,93
29450001,48.411, -4.087,29450,R,ZA du Pont Bleu,Sizun,2026-06-15 09:50:00,1.969,2026-06-12 11:24:51,1.969,,,,,2026-06-16 17:58:03,2.019,,,,,"Gazole,SP95,SP98","E85,GPLc,E10",,E85;GPLc;E10,Oui,"Laverie,Station de gonflage,Piste poids lourds,Lavage automatique,Vente de gaz domestique (Butane, Propane),Automate CB 24/24",Finistère,29,Bretagne,53
42100005,45.433, 4.415,42100,R,36 Rue de Terrenoire,Saint-Étienne,2026-06-18 06:30:00,1.893,,,,,2026-06-18 06:30:00,1.876,2026-06-18 06:30:00,1.996,,,,,"Gazole,E10,SP98","SP95,E85,GPLc",,E85,Non,,Loire,42,Auvergne-Rhône-Alpes,84
44260003,47.35931, -1.86116,44260,R,Rue des Musiciens,Malville,2026-06-17 17:08:57,1.959,2026-06-17 17:09:14,1.95,,,,,2026-06-17 17:09:33,1.999,,,,,"Gazole,SP95,SP98","E85,GPLc,E10",,GPLc;E10,Non,Piste poids lourds,Loire-Atlantique,44,Pays de la Loire,52
45100008,47.84264, 1.92524,45100,R,39 AV .J.F.KENNEDY,Orléans,2026-06-18 00:01:00,1.827,,,2026-06-18 00:01:00,0.806,2026-06-18 00:01:00,1.832,2026-06-18 00:01:00,1.952,,2024-06-18T20:26:19+00:00,definitive,,"Gazole,E85,GPLc,E10,SP98",SP95,,SP95,Non,"Toilettes publiques,Boutique alimentaire,Boutique non alimentaire,Station de gonflage,Carburant additivé,Lavage automatique,Lavage manuel,Services réparation / entretien,Vente de gaz domestique (Butane, Propane),DAB (Distributeur automatique de billets)",Loiret,45,Centre-Val de Loire,24
57430004,48.987, 7.028,57430,R,97 Route de Strasbourg,Sarralbe,2026-06-18 06:42:09,1.958,,,,,2026-06-18 06:42:09,1.931,,,2026-06-18T06:41:48+00:00,2019-02-25T17:12:47+00:00,definitive,,"Gazole,E10","SP95,E85,GPLc,SP98",SP98,SP95;E85;GPLc,Non,"Boutique alimentaire,Boutique non alimentaire,Restauration à emporter,Carburant additivé,Vente de gaz domestique (Butane, Propane),Vente d'additifs carburants,DAB (Distributeur automatique de billets)",Moselle,57,Grand Est,44
83600026,43.431000975238994, 6.7552803524051,83600,R,959 avenue du Maréchal de Lattre de Tassigny,Fréjus,2026-06-10 07:51:12,1.999,,,2026-06-04 07:53:25,0.859,2026-06-15 11:13:21,1.899,2026-06-15 11:13:21,1.999,,2023-01-05T07:55:45+00:00,definitive,,"Gazole,E85,E10,SP98","SP95,GPLc",,SP95;GPLc,Oui,"Station de gonflage,Carburant additivé,Automate CB 24/24",Var,83,Provence-Alpes-Côte d'Azur,93
54670004,48.792845, 6.145033000000001,54670,R,41 RUE DU GAL LECLERC,Custines,2026-06-18 00:01:00,1.958,,,2026-06-18 00:01:00,0.889,2026-06-18 00:01:00,1.968,,,2026-06-15T17:25:36+00:00,2022-10-20T11:14:52+00:00,definitive,,"Gazole,E85,E10","SP95,GPLc,SP98",SP98,SP95;GPLc,Non,"Toilettes publiques,Relais colis,Boutique alimentaire,Station de gonflage,Carburant additivé,Piste poids lourds",Meurthe-et-Moselle,54,Grand Est,44
5000019,44.57, 6.105,5000,R,"28, Boulevard d'Orient",Gap,2026-06-18 10:17:46,1.935,,,,,2026-06-18 10:17:47,1.935,2026-06-18 10:17:47,1.99,,2025-04-19T13:48:03+00:00,definitive,,"Gazole,GPLc,E10,SP98","SP95,E85",,SP95;E85,Oui,"Laverie,Relais colis,Boutique alimentaire,Restauration sur place,Station de gonflage,Vente de gaz domestique (Butane, Propane),Bornes électriques,Automate CB 24/24,DAB (Distributeur automatique de billets)",Hautes-Alpes,05,Provence-Alpes-Côte d'Azur,93
92410001,48.819, 2.168,92410,R,191 Rue de Versailles,Ville-d'Avray,2026-06-17 04:59:00,1.957,,,,,2026-06-17 04:59:00,1.921,2026-06-17 04:59:00,2.038,,,,,"Gazole,E10,SP98","SP95,E85,GPLc",,,Non,,Hauts-de-Seine,92,Île-de-France,11
68270003,47.805, 7.337,68270,R,Rue de Kingersheim,Wittenheim,2026-06-17 08:21:53,1.859,,,,,2026-06-17 08:21:53,1.889,2026-06-17 08:21:53,1.959,,2024-01-18T21:41:09+00:00,definitive,,"Gazole,E10,SP98","SP95,E85,GPLc",,SP95;E85;GPLc,Non,"Laverie,Vente de fioul domestique,Location de véhicule,Vente de gaz domestique (Butane, Propane),DAB (Distributeur automatique de billets)",Haut-Rhin,68,Grand Est,44
79170001,46.14, -0.221,79170,R,Avenue de Royan,Brioux-sur-Boutonne,2026-06-12 09:19:22,1.989,,,2026-06-12 09:19:23,0.809,2026-06-12 09:19:23,1.949,,,2019-01-14T12:17:26+00:00,2019-03-22T15:21:27+00:00,definitive,,"Gazole,E85,E10","SP95,GPLc,SP98",,SP95;GPLc;SP98,Oui,"Toilettes publiques,Laverie,Relais colis,Piste poids lourds,Lavage manuel,Vente de gaz domestique (Butane, Propane),Automate CB 24/24",Deux-Sèvres,79,Nouvelle-Aquitaine,75
12300005,44.559131275643, 2.2581246898855003,12300,R,280 Rue de la Renaissance,Decazeville,2026-06-01 09:39:22,1.999,2026-06-09 09:41:28,2.039,2026-06-12 08:20:09,0.819,2026-06-09 09:41:28,1.979,2026-06-09 09:41:28,2.079,,,,,"Gazole,SP95,E85,E10,SP98",GPLc,GPLc,,Oui,Automate CB 24/24,Aveyron,12,Occitanie,76
69380010,45.903, 4.73,69380,A,A6 Aire des Cheres Est,Les Chères,2026-06-18 07:51:00,2.243,,,2026-06-18 07:51:00,0.975,2026-06-18 07:51:00,2.097,2026-06-18 07:51:00,2.197,,,,,"Gazole,E85,GPLc,E10,SP98",SP95,,,Non,"Toilettes publiques,Douches,Boutique alimentaire,Boutique non alimentaire,Restauration à emporter,Restauration sur place,Bar,Station de gonflage,Carburant additivé,Aire de camping-cars,Piste poids lourds,Espace bébé,DAB (Distributeur automatique de billets)",Rhône,69,Auvergne-Rhône-Alpes,84
24100019,44.855705921094, 0.47879478719295004,24100,R,8 boulevard Jean Moulin,Bergerac,2026-06-17 23:50:00,2.099,,,2026-06-17 23:50:00,0.865,2026-06-17 23:50:00,2.079,2026-06-17 23:50:00,2.139,,2023-05-31T16:44:58+00:00,definitive,,"Gazole,E85,E10,SP98","SP95,GPLc",,SP95;GPLc,Oui,"Station de gonflage,Carburant additivé,Lavage automatique,Automate CB 24/24",Dordogne,24,Nouvelle-Aquitaine,75
38500006,45.359, 5.595,38500,R,7 RUE DE L'INDUSTRIE,Voiron,2026-06-17 16:25:31,1.955,,,,,2026-06-17 16:25:31,1.979,2026-06-17 16:25:31,1.999,,2026-04-08T12:10:30+00:00,temporaire,,"Gazole,E10,SP98","SP95,E85,GPLc",SP95;E85;GPLc,,Oui,Automate CB 24/24,Isère,38,Auvergne-Rhône-Alpes,84
43000004,45.033, 3.886,43000,R,106 Avenue Maréchal Foch,Le Puy-en-Velay,2026-06-17 12:21:00,1.946,,,2026-06-17 12:21:00,0.972,2026-06-17 12:21:00,1.908,2026-06-17 12:21:00,2.035,,,,,"Gazole,E85,E10,SP98","SP95,GPLc",,,Non,,Haute-Loire,43,Auvergne-Rhône-Alpes,84
93150009,48.935, 2.473,93150,R,140 AVENUE DE LA REPUBLIQUE,Le Blanc-Mesnil,2026-06-18 00:01:00,1.969,,,2026-06-18 00:01:00,0.884,2026-06-18 00:01:00,1.99,2026-06-18 00:01:00,1.99,,2017-10-20T11:33:09+00:00,definitive,,"Gazole,E85,E10,SP98","SP95,GPLc",,SP95;GPLc,Non,"Toilettes publiques,Boutique alimentaire,Carburant additivé,Lavage automatique,Vente de gaz domestique (Butane, Propane)",Seine-Saint-Denis,93,Île-de-France,11
35400007,48.65797, -1.97092,35400,R,55 Boulevard des Déportés,Saint-Malo,2026-06-15 07:43:11,1.93,2026-06-13 07:08:39,1.979,,,2026-06-13 07:08:39,1.929,2026-06-13 07:08:39,2.019,,,,,"Gazole,SP95,E10,SP98","E85,GPLc",,E85;GPLc,Non,"Laverie,Boutique alimentaire,Boutique non alimentaire,Restauration sur place,Bar,Piste poids lourds,Vente de gaz domestique (Butane, Propane),DAB (Distributeur automatique de billets)",Ille-et-Vilaine,35,Bretagne,53
86000025,46.575843819083005, 0.37463651274124,86000,R,2 AVENUE DE LAFAYETTE,Poitiers,2026-06-18 08:01:07,1.821,,,2026-06-12 07:18:53,0.809,2026-06-18 08:01:07,1.84,2026-06-18 08:01:08,1.947,,2026-04-08T09:31:02+00:00,definitive,,"Gazole,E85,GPLc,E10,SP98",SP95,,SP95,Oui,"Vente de gaz domestique (Butane, Propane),Automate CB 24/24",Vienne,86,Nouvelle-Aquitaine,75
48000006,44.535, 3.503,48000,R,"3 rue de la tendelle, ZAE du Causse d'Auge",Mende,2026-06-18 11:18:41,1.866,,,2026-06-08 08:30:02,0.839,2026-06-04 08:56:57,1.959,,,2017-10-09T16:51:59+00:00,2017-10-09T16:51:58+00:00,definitive,,"Gazole,E85,E10","SP95,GPLc,SP98",,SP95;GPLc;SP98,Non,"Toilettes publiques,Vente de fioul domestique,Lavage manuel,Vente de gaz domestique (Butane, Propane),DAB (Distributeur automatique de billets)",Lozère,48,Occitanie,76
84500006,44.258, 4.65,84500,R,AV JEAN GIONO,Pont-Saint-Esprit,2026-06-18 00:01:00,1.963,,,2026-06-18 00:01:00,0.829,2026-06-18 00:01:00,1.964,2026-06-18 00:01:00,1.99,,2026-03-13T11:13:50+00:00,definitive,,"Gazole,E85,E10,SP98","SP95,GPLc",,SP95;GPLc,Non,"Boutique alimentaire,Boutique non alimentaire,Station de gonflage,Carburant additivé,Vente de gaz domestique (Butane, Propane),Vente d'additifs carburants,Wifi",Gard,30,Occitanie,76
56550002,47.676, -3.197,56550,R,97 route de PONT LOROIS,Belz,2026-06-18 05:46:02,1.906,,,,,2026-06-18 05:46:03,1.91,2026-06-18 05:46:03,1.99,,2026-01-23T05:33:26+00:00,definitive,,"Gazole,E10,SP98","SP95,E85,GPLc",,SP95;E85;GPLc,Oui,"Boutique alimentaire,Boutique non alimentaire,Station de gonflage,Carburant additivé,Vente de gaz domestique (Butane, Propane),Vente d'additifs carburants,Automate CB 24/24",Morbihan,56,Bretagne,53
4120002,43.78, 6.342,4120,R,4 rue grande,La Palud-sur-Verdon,2026-05-30 06:00:00,2.099,2026-05-30 06:00:00,2.099,,,,,,,2023-07-27T15:17:52+00:00,,,,"Gazole,SP95","E85,GPLc,E10,SP98",,E85;GPLc;E10;SP98,Oui,"Boutique alimentaire,Boutique non alimentaire,Vente de gaz domestique (Butane, Propane),Vente d'additifs carburants,Automate CB 24/24",Alpes-de-Haute-Provence,04,Provence-Alpes-Côte d'Azur,93
76371001,49.91, 1.077,76371,R,Centre Commercial Le Belvédère,Dieppe,2026-06-18 09:09:13,1.825,,,2026-06-12 08:02:27,0.809,2026-06-18 09:09:14,1.835,2026-06-18 09:09:14,1.951,,2023-03-16T10:04:14+00:00,temporaire,,"Gazole,E85,GPLc,E10,SP98",SP95,SP95,,Oui,"Toilettes publiques,Relais colis,Boutique alimentaire,Boutique non alimentaire,Restauration à emporter,Restauration sur place,Bar,Vente de fioul domestique,Station de gonflage,Lavage automatique,Lavage manuel,Services réparation / entretien,Vente de gaz domestique (Butane, Propane),Automate CB 24/24,DAB (Distributeur automatique de billets)",Seine-Maritime,76,Normandie,28
52540001,50.503, 2.508,62540,R,RUE PASTEUR,Marles-les-Mines,2026-06-18 07:25:59,1.829,,,,,2026-06-18 07:25:59,1.849,2026-06-18 07:26:00,1.949,,2017-10-02T10:22:22+00:00,definitive,,"Gazole,E10,SP98","SP95,E85,GPLc",,SP95;E85;GPLc,Oui,"Toilettes publiques,Relais colis,Vente de pétrole lampant,Location de véhicule,Vente de gaz domestique (Butane, Propane),Automate CB 24/24,DAB (Distributeur automatique de billets)",Pas-de-Calais,62,Hauts-de-France,32
79370001,46.268, -0.224,79370,R,22 rue des Acacias,Celles-sur-Belle,2026-06-15 16:33:52,1.96,,,,,2026-06-15 16:33:53,1.917,2026-06-15 16:33:53,2.043,,2021-07-13T12:53:46+00:00,definitive,,"Gazole,E10,SP98","SP95,E85,GPLc",,SP95;E85;GPLc,Oui,"Toilettes publiques,Laverie,Relais colis,Boutique alimentaire,Boutique non alimentaire,Vente de pétrole lampant,Piste poids lourds,Vente de gaz domestique (Butane, Propane),Wifi,Automate CB 24/24,DAB (Distributeur automatique de billets)",Deux-Sèvres,79,Nouvelle-Aquitaine,75
66028001,42.668, 2.884,66000,R,AVENUE D'ESPAGNE,Perpignan,2026-06-18 09:45:49,1.908,,,2026-06-15 08:41:50,0.798,2026-06-18 09:45:49,1.865,2026-06-15 08:41:50,1.999,,2026-04-16T10:45:33+00:00,definitive,,"Gazole,E85,GPLc,E10,SP98",SP95,,SP95,Oui,"Laverie,Restauration à emporter,Restauration sur place,Station de gonflage,Carburant additivé,Piste poids lourds,Lavage automatique,Lavage manuel,Services réparation / entretien,Vente de gaz domestique (Butane, Propane),Bornes électriques,Automate CB 24/24,DAB (Distributeur automatique de billets)",Pyrénées-Orientales,66,Occitanie,76
34000017,43.578845, 3.8767620000000003,34000,R,ZAC DE TOURNEZY,Montpellier,2026-06-17 20:00:00,1.929,,,,,2026-06-17 20:00:00,1.999,2026-06-17 20:00:00,2.099,,,,,"Gazole,GPLc,E10,SP98","SP95,E85",,,Oui,"Toilettes publiques,Boutique alimentaire,Station de gonflage,Carburant additivé,Piste poids lourds,Vente de gaz domestique (Butane, Propane),Automate CB 24/24",Hérault,34,Occitanie,76
26270009,44.720160117012, 4.7870171386338,26270,A,"AUTOROUTE A7, AIRE DE SAULCE",Saulce-sur-Rhône,2026-06-16 14:00:00,2.105,,,2026-06-16 14:00:00,0.936,2026-06-16 14:00:00,2.057,2026-06-16 14:00:00,2.143,,2023-01-24T19:30:37+00:00,definitive,,"Gazole,E85,GPLc,E10,SP98",SP95,,SP95,Oui,"Toilettes publiques,Douches,Boutique alimentaire,Restauration à emporter,Restauration sur place,Carburant additivé,Aire de camping-cars,Piste poids lourds,Espace bébé,Wifi,Automate CB 24/24",Drôme,26,Auvergne-Rhône-Alpes,84
27210008,49.346891592656, 0.33742412939517,27210,R,273 RUE ALBERT SOREL,Beuzeville,2026-05-30 08:50:14,2.01,2026-05-30 08:50:14,2.013,,,,,2026-05-30 08:50:14,2.1,,,,,"Gazole,SP95,SP98","E85,GPLc,E10",,E85,Oui,"Toilettes publiques,Laverie,Vente de gaz domestique (Butane, Propane),Automate CB 24/24,DAB (Distributeur automatique de billets)",Eure,27,Normandie,28
12270001,44.240241001506, 2.0328320468272003,12270,R,ZA LE LAC,La Fouillade,2026-06-16 14:21:07,1.969,,,,,2026-06-09 16:09:09,1.929,2026-06-09 16:09:09,2.049,,2019-01-09T12:12:42+00:00,definitive,,"Gazole,E10,SP98","SP95,E85,GPLc",,SP95;E85;GPLc,Non,"Laverie,Station de gonflage,Piste poids lourds,Lavage automatique,DAB (Distributeur automatique de billets)",Aveyron,12,Occitanie,76
59174002,50.33964, 3.46647,59174,A,AUTOROUTE A2 - AIRE DE LA SENTINELLE OUEST,La Sentinelle,2026-06-18 00:01:00,2.007,,,2026-06-18 00:01:00,0.998,2026-06-18 00:01:00,1.99,2026-06-18 00:01:00,1.99,,,,,"Gazole,E85,E10,SP98","SP95,GPLc",,,Non,,Nord,59,Hauts-de-France,32
25110001,47.352, 6.358,25110,R,2 Avenue du Général Leclerc,Baume-les-Dames,2026-06-18 07:16:14,2.07,2026-06-13 10:01:25,1.99,,,,,,,2024-02-17T07:17:15+00:00,,,,"Gazole,SP95","E85,GPLc,E10,SP98",,E85;GPLc;E10;SP98,Non,"Toilettes publiques,Relais colis,Boutique non alimentaire,Station de gonflage,Carburant additivé,Piste poids lourds,Vente de gaz domestique (Butane, Propane),Vente d'additifs carburants",Doubs,25,Bourgogne-Franche-Comté,27
24240003,44.75739933224, 0.41106265064555003,24240,R,18 place de l'ancien temple,Sigoulès-et-Flaugeac,2026-06-16 10:45:51,1.999,2026-06-16 10:45:51,1.989,,,,,2026-06-16 10:45:52,2.099,,,,,"Gazole,SP95,SP98","E85,GPLc,E10",,E85;GPLc;E10,Oui,"Bar,Vente de gaz domestique (Butane, Propane),Vente d'additifs carburants,Automate CB 24/24,DAB (Distributeur automatique de billets)",Dordogne,24,Nouvelle-Aquitaine,75
34360002,43.422409575399996, 2.93681726025,34360,R,"420, avenue de Saint Pons",Saint-Chinian,2026-06-16 00:00:00,2.019,,,,,2026-06-16 00:00:00,1.969,,,2018-02-18T07:12:34+00:00,2023-01-03T08:19:17+00:00,definitive,,"Gazole,E10","SP95,E85,GPLc,SP98",,SP95;E85;GPLc;SP98,Non,"Station de gonflage,Piste poids lourds,Lavage automatique,Vente de gaz domestique (Butane, Propane),DAB (Distributeur automatique de billets)",Hérault,34,Occitanie,76
59400008,50.185, 3.225,59400,R,58 RUE DE DOUAI,Cambrai,2026-06-18 00:01:00,1.939,,,2026-06-18 00:01:00,0.834,2026-06-18 00:01:00,1.937,2026-06-18 00:01:00,1.99,,2026-04-03T14:37:27+00:00,definitive,,"Gazole,E85,E10,SP98","SP95,GPLc",,SP95;GPLc,Non,"Toilettes publiques,Relais colis,Boutique alimentaire,Boutique non alimentaire,Vente de pétrole lampant,Station de gonflage,Carburant additivé,Piste poids lourds,Vente de gaz domestique (Butane, Propane),Vente d'additifs carburants",Nord,59,Hauts-de-France,32
31350004,43.285502903295004, 0.65090652068242,31350,R,avenue Charles Suran,Boulogne-sur-Gesse,2026-06-17 23:50:00,2.099,,,2026-06-17 23:50:00,0.999,2026-06-17 23:50:00,2.019,,,2023-11-03T08:55:53+00:00,2023-11-03T08:55:53+00:00,definitive,,"Gazole,E85,E10","SP95,GPLc,SP98",,SP95;GPLc;SP98,Oui,"Carburant additivé,Automate CB 24/24",Haute-Garonne,31,Occitanie,76
64520001,43.482, -1.144,64520,R,2 Rue Saint-Jacques,Bidache,2026-06-13 08:06:55,2.15,2026-03-09 20:13:28,1.99,,,,,,,2022-07-08T07:37:52+00:00,,,,"Gazole,SP95","E85,GPLc,E10,SP98",,E85;GPLc;E10;SP98,Non,,Pyrénées-Atlantiques,64,Nouvelle-Aquitaine,75
94700005,48.802, 2.436,94700,R,5 Avenue Léon Blum,Maisons-Alfort,2026-06-17 13:20:00,1.905,,,,,2026-06-17 13:20:00,1.907,2026-06-17 13:20:00,1.987,,,,,"Gazole,E10,SP98","SP95,E85,GPLc",,,Non,,Val-de-Marne,94,Île-de-France,11
43290002,45.181359373511995, 4.3141124833937,43290,R,30 AVENUE DES CEVENNES,Montfaucon-en-Velay,2026-04-23 15:14:56,2.249,2026-04-23 15:14:56,1.989,,,,,,,2026-04-23T15:14:56+00:00,,,,"Gazole,SP95","E85,GPLc,E10,SP98",,E85;GPLc;E10;SP98,Oui,"Boutique non alimentaire,Station de gonflage,Lavage manuel,Services réparation / entretien,Vente de gaz domestique (Butane, Propane),Automate CB 24/24",Haute-Loire,43,Auvergne-Rhône-Alpes,84
78885001,48.786, 2.043,78180,R,PLACE JOEL LE THEULE,Montigny-le-Bretonneux,2026-06-18 08:05:09,1.914,2026-06-18 08:05:09,1.988,,,2026-06-18 08:05:09,1.907,2026-06-18 08:05:10,2.061,,,,,"Gazole,SP95,E10,SP98","E85,GPLc",,E85;GPLc,Oui,"Station de gonflage,Automate CB 24/24,DAB (Distributeur automatique de billets)",Yvelines,78,Île-de-France,11
54500008,48.64965, 6.14633,54500,R,2 AVENUE DE BOURGOGNE,Vandœuvre-lès-Nancy,2026-06-18 00:01:00,1.847,,,2026-06-18 00:01:00,0.839,,,2026-06-18 00:01:00,1.972,,2022-10-06T07:23:20+00:00,definitive,,"Gazole,E85,SP98","SP95,GPLc,E10",E10,SP95;GPLc,Non,,Meurthe-et-Moselle,54,Grand Est,44
47800004,44.6, 0.359,47800,R,12 place Martignac,Miramont-de-Guyenne,2026-06-16 11:42:17,2.059,2026-06-16 11:42:17,1.99,,,,,,,2022-11-27T12:34:44+00:00,,,,"Gazole,SP95","E85,GPLc,E10,SP98",,E85;GPLc;E10;SP98,Oui,"Boutique non alimentaire,Vente de fioul domestique,Carburant additivé,Piste poids lourds,Vente de gaz domestique (Butane, Propane),Automate CB 24/24",Lot-et-Garonne,47,Nouvelle-Aquitaine,75
29590001,48.298, -4.17,29590,R,ZONE DE QUIELLA,Le Faou,2026-06-16 08:20:54,1.939,2026-06-08 07:27:46,1.963,,,,,2026-06-16 08:27:33,2.003,,,,,"Gazole,SP95,SP98","E85,GPLc,E10",,E85;GPLc;E10,Oui,"Laverie,Relais colis,Restauration à emporter,Location de véhicule,Piste poids lourds,Lavage automatique,Lavage manuel,Vente de gaz domestique (Butane, Propane),Automate CB 24/24",Finistère,29,Bretagne,53
62219001,50.735, 2.274,62219,R,Avenue des Frais Fonds,Arques,2026-06-10 11:01:33,1.979,,,2026-05-19 10:14:36,0.798,2026-06-06 12:42:19,1.909,2026-06-10 11:01:33,2.009,,2024-12-07T08:16:59+00:00,definitive,,"Gazole,E85,GPLc,E10,SP98",SP95,,SP95,Oui,"Station de gonflage,Piste poids lourds,Vente de gaz domestique (Butane, Propane),Automate CB 24/24,DAB (Distributeur automatique de billets)",Pas-de-Calais,62,Hauts-de-France,32
28330003,48.194, 0.899,28330,R,16 Avenue Jean Moulin,Authon-du-Perche,2026-06-03 10:35:56,2.089,2026-06-03 10:35:57,2.079,,,,,2026-06-03 10:35:57,2.169,,,,,"Gazole,SP95,SP98","E85,GPLc,E10",,,Oui,"Laverie,Relais colis,Boutique alimentaire,Boutique non alimentaire,Restauration à emporter,Vente de gaz domestique (Butane, Propane),Automate CB 24/24",Eure-et-Loir,28,Centre-Val de Loire,24
93300001,48.918, 2.379,93300,R,43 Avenue du Président Roosevelt,Aubervilliers,2026-06-18 06:21:10,1.929,,,,,2026-06-18 06:21:10,1.919,2026-06-18 06:21:10,2.069,,,,,"Gazole,E10,SP98","SP95,E85,GPLc",,,Oui,"Station de gonflage,Carburant additivé,Automate CB 24/24",Seine-Saint-Denis,93,Île-de-France,11
44780002,47.482822997313995, -2.1613944821039,44780,R,la gargouille,Missillac,2026-06-08 11:22:53,2.073,,,,,2026-06-08 11:22:53,1.989,,,2022-03-28T12:58:07+00:00,2022-03-28T12:58:07+00:00,definitive,,"Gazole,E10","SP95,E85,GPLc,SP98",,SP95;E85;GPLc;SP98,Oui,"Laverie,Relais colis,Lavage automatique,Lavage manuel,Vente de gaz domestique (Butane, Propane),Automate CB 24/24",Loire-Atlantique,44,Pays de la Loire,52
88250003,48.004, 6.834,88250,R,2 bis route de Cornimont,Rochesson,2026-06-14 18:49:19,1.969,,,2026-06-14 18:49:19,0.798,2026-06-14 18:49:19,1.949,2026-06-14 18:49:19,1.999,,2023-11-10T19:02:18+00:00,definitive,,"Gazole,E85,E10,SP98","SP95,GPLc",,SP95;GPLc,Oui,"Boutique alimentaire,Restauration à emporter,Station de gonflage,Aire de camping-cars,Lavage automatique,Lavage manuel,Automate CB 24/24",Vosges,88,Grand Est,44
50800004,48.816, -1.29,50800,R,29 Le Bourg,La Lande-d'Airou,2026-06-06 05:00:00,2.036,,,2026-05-05 10:49:05,1.069,2026-06-06 05:00:00,1.99,,,2022-05-03T15:08:05+00:00,2022-05-03T15:08:05+00:00,definitive,,"Gazole,E85,E10","SP95,GPLc,SP98",,SP95;GPLc;SP98,Non,Lavage automatique,Manche,50,Normandie,28
10000006,48.289, 4.076,10000,R,3 Rue de la Mission,Troyes,2026-06-04 07:23:04,2.035,,,,,2026-06-04 07:23:04,2.02,2026-06-04 07:23:04,2.121,,2026-02-26T16:49:38+00:00,temporaire,,"Gazole,E10,SP98","SP95,E85,GPLc",SP95,,Non,,Aube,10,Grand Est,44
31450004,43.5065271232, 1.5558732657999998,31450,R,ZA DE LA BALME,Belberaud,2026-06-17 12:19:23,1.879,,,2026-04-23 12:26:58,0.798,2026-06-17 12:19:24,1.859,2026-06-17 12:19:24,1.979,,2025-02-12T08:27:38+00:00,definitive,,"Gazole,E85,E10,SP98","SP95,GPLc",,SP95;GPLc,Non,"Toilettes publiques,Station de gonflage,Piste poids lourds,Lavage automatique,DAB (Distributeur automatique de billets)",Haute-Garonne,31,Occitanie,76
11800002,43.203, 2.443,11800,R,RN 113,Trèbes,2026-06-17 10:02:14,1.85,,,2026-06-13 11:15:30,0.798,2026-06-17 10:02:14,1.9,2026-06-17 10:02:14,1.98,,2020-10-31T05:59:31+00:00,definitive,,"Gazole,E85,E10,SP98","SP95,GPLc",,SP95;GPLc,Oui,"Toilettes publiques,Laverie,Relais colis,Boutique alimentaire,Boutique non alimentaire,Restauration à emporter,Station de gonflage,Carburant additivé,Location de véhicule,Piste poids lourds,Lavage automatique,Vente de gaz domestique (Butane, Propane),Automate CB 24/24,DAB (Distributeur automatique de billets)",Aude,11,Occitanie,76
18000001,47.103, 2.41,18000,R,AVENUE DE LATTRE DE TASSIGNY,Bourges,2026-06-18 08:52:18,1.999,2026-06-18 08:52:18,1.985,,,,,2026-06-18 08:52:18,2.099,,,,,"Gazole,SP95,SP98","E85,GPLc,E10",,E85;GPLc;E10,Oui,"Laverie,Carburant additivé,Vente de gaz domestique (Butane, Propane),Automate CB 24/24,DAB (Distributeur automatique de billets)",Cher,18,Centre-Val de Loire,24
83590001,43.316, 6.275,83590,R,"Le Murier, RD 97",Gonfaron,2026-06-05 09:36:52,1.999,,,2026-05-16 06:48:34,0.798,2026-06-05 09:36:52,1.891,2026-06-05 09:36:52,2.005,,2021-11-05T07:55:41+00:00,definitive,,"Gazole,E85,E10,SP98","SP95,GPLc",,SP95;GPLc,Oui,"Laverie,Station de gonflage,Lavage automatique,Vente de gaz domestique (Butane, Propane),Bornes électriques,Vente d'additifs carburants,Automate CB 24/24,DAB (Distributeur automatique de billets)",Var,83,Provence-Alpes-Côte d'Azur,93
39260003,46.439, 5.722,39260,R,AVENUE DE FRANCHE COMTE,Moirans-en-Montagne,2026-06-17 14:36:54,1.969,,,,,2026-06-17 14:36:54,1.929,2026-06-17 14:36:54,1.999,,2026-03-13T16:06:05+00:00,definitive,,"Gazole,E10,SP98","SP95,E85,GPLc",,SP95;E85;GPLc,Oui,Automate CB 24/24,Jura,39,Bourgogne-Franche-Comté,27
59119003,50.392, 3.108,59119,R,194 Route de Tournai,Waziers,2026-06-18 05:56:27,1.829,,,2026-06-18 05:56:28,0.815,2026-06-18 05:56:28,1.833,2026-06-18 05:56:28,1.949,,2023-01-15T07:51:00+00:00,definitive,,"Gazole,E85,E10,SP98","SP95,GPLc",,SP95;GPLc,Oui,"Relais colis,Boutique alimentaire,Boutique non alimentaire,Station de gonflage,Carburant additivé,Lavage automatique,Lavage manuel,Vente de gaz domestique (Butane, Propane),Wifi,Automate CB 24/24,DAB (Distributeur automatique de billets)",Nord,59,Hauts-de-France,32
51000005,48.955, 4.332,51000,R,ROUTE D'EPERNAY,Châlons-en-Champagne,2026-06-17 04:59:00,1.928,,,,,2026-06-17 04:59:00,1.925,2026-06-17 04:59:00,2.016,,,,,"Gazole,E10,SP98","SP95,E85,GPLc",,,Non,,Marne,51,Grand Est,44
50760001,49.666, -1.27,50760,R,132 RUE ST THOMAS,Barfleur,2026-06-05 19:10:10,2.079,2026-06-05 19:10:10,1.999,,,2026-06-05 19:10:11,1.962,,,2018-09-05T06:18:31+00:00,,,,"Gazole,SP95,E10","E85,GPLc,SP98",,E85;GPLc;SP98,Oui,"Vente de gaz domestique (Butane, Propane),Automate CB 24/24",Manche,50,Normandie,28
20200006,42.728585259999996, 9.45947796,20200,R,37 ROUTE DU CAP,San-Martino-di-Lota,2026-06-15 23:00:00,2.09,2026-06-01 06:37:29,1.99,,,,,,,2017-10-11T07:09:31+00:00,,,,"Gazole,SP95","E85,GPLc,E10,SP98",,E85;GPLc;E10;SP98,Non,"Toilettes publiques,Relais colis,Boutique alimentaire,Boutique non alimentaire,Vente de fioul domestique,Vente de pétrole lampant,Station de gonflage,Vente de gaz domestique (Butane, Propane)",Haute-Corse,2B,Corse,94
82700001,43.956, 1.221,82700,R,171 Avenue d'Auch,Montech,2026-06-08 10:46:19,2.09,2026-06-08 10:46:20,1.99,,,,,,,2022-09-12T10:44:01+00:00,,,,"Gazole,SP95","E85,GPLc,E10,SP98",,E85;GPLc;E10;SP98,Oui,"Boutique alimentaire,Vente de fioul domestique,Station de gonflage,Carburant additivé,Piste poids lourds,Lavage manuel,Vente de gaz domestique (Butane, Propane),Vente d'additifs carburants,Automate CB 24/24",Tarn-et-Garonne,82,Occitanie,76
29880005,48.60691644999999, -4.5110560012668,29880,R,Rue d'Armorique,Plouguerneau,2026-06-12 08:57:51,2.099,2026-06-12 08:57:51,1.999,,,,,2026-06-12 08:57:52,2.059,,,,,"Gazole,SP95,SP98","E85,GPLc,E10",,E85;GPLc;E10,Non,Relais colis,Finistère,29,Bretagne,53
45190003,47.766, 1.612,45190,R,RN 152 Tavers,Tavers,2026-06-18 08:34:29,1.899,,,2026-06-18 08:34:30,0.819,2026-06-18 08:34:30,1.905,2026-06-18 08:34:30,1.99,,2017-08-31T08:41:05+00:00,definitive,,"Gazole,E85,GPLc,E10,SP98",SP95,,SP95,Oui,"Toilettes publiques,Relais colis,Boutique alimentaire,Boutique non alimentaire,Restauration à emporter,Restauration sur place,Vente de fioul domestique,Vente de pétrole lampant,Station de gonflage,Location de véhicule,Piste poids lourds,Lavage automatique,Lavage manuel,Espace bébé,Services réparation / entretien,Vente de gaz domestique (Butane, Propane),Bornes électriques,Wifi,Automate CB 24/24,DAB (Distributeur automatique de billets)",Loiret,45,Centre-Val de Loire,24
94400003,48.782, 2.395,94400,R,159 Avenue Rouget de l'Isle,Vitry-sur-Seine,2026-06-17 12:21:00,1.941,,,,,2026-06-17 12:21:00,1.924,2026-06-17 12:21:00,2.011,,,,,"Gazole,E10,SP98","SP95,E85,GPLc",,,Non,,Val-de-Marne,94,Île-de-France,11
19100014,45.153, 1.536,19100,R,Boulevard Brune,Brive-la-Gaillarde,2026-06-18 11:38:46,1.889,,,,,2026-06-18 11:38:46,1.889,2026-06-18 11:38:46,2.009,,,,,"Gazole,E10,SP98","SP95,E85,GPLc",,,Oui,"Station de gonflage,Carburant additivé,Automate CB 24/24",Corrèze,19,Nouvelle-Aquitaine,75
61230005,48.789, 0.294,61230,R,ROUTE D'ALENCON,Gacé,2026-06-18 08:07:08,1.937,,,,,2026-06-18 08:07:08,1.949,2026-06-18 08:07:08,1.99,,2019-01-04T10:33:13+00:00,temporaire,,"Gazole,E10,SP98","SP95,E85,GPLc",SP95;E85;GPLc,,Oui,"Toilettes publiques,Boutique alimentaire,Boutique non alimentaire,Station de gonflage,Location de véhicule,Piste poids lourds,Services réparation / entretien,Vente de gaz domestique (Butane, Propane),Automate CB 24/24",Orne,61,Normandie,28
71400012,46.956, 4.295,71400,R,"15, AVENUE DE LA REPUBLIQUE",Autun,,,,,,,,,,,2026-06-11T16:27:21+00:00,2026-05-19T11:03:42+00:00,temporaire,temporaire,,,Gazole;SP95;E85;E10;SP98,,Non,"Relais colis,Boutique alimentaire,Station de gonflage,Piste poids lourds,Lavage automatique,Vente d'additifs carburants,Wifi",Saône-et-Loire,71,Bourgogne-Franche-Comté,27
71700009,46.573, 4.904,71700,R,22 avenue du Clos Mouron,Tournus,2026-06-17 21:00:00,1.899,,,,,2026-06-17 21:00:00,1.899,2026-06-17 21:00:00,1.999,,,,,"Gazole,E10,SP98","SP95,E85,GPLc",,,Oui,"Toilettes publiques,Douches,Relais colis,Boutique alimentaire,Boutique non alimentaire,Restauration à emporter,Restauration sur place,Station de gonflage,Carburant additivé,Piste poids lourds,Vente de gaz domestique (Butane, Propane),Vente d'additifs carburants,Automate CB 24/24,DAB (Distributeur automatique de billets)",Saône-et-Loire,71,Bourgogne-Franche-Comté,27
62820003,50.486, 2.997,62820,R,ROUTE DE CARVIN,Libercourt,2026-06-18 00:01:00,1.829,,,,,2026-06-18 00:01:00,1.831,2026-06-18 00:01:00,1.949,,2026-03-13T09:46:52+00:00,definitive,,"Gazole,E10,SP98","SP95,E85,GPLc",,SP95;E85;GPLc,Oui,"Relais colis,Boutique alimentaire,Boutique non alimentaire,Station de gonflage,Lavage automatique,Lavage manuel,Vente de gaz domestique (Butane, Propane),Vente d'additifs carburants,Automate CB 24/24",Pas-de-Calais,62,Hauts-de-France,32
77910001,49.00096, 2.92102,77910,R,17 Avenue des Américains,Varreddes,2026-06-18 07:19:14,1.953,2026-06-18 07:19:14,1.99,2026-06-01 07:24:44,1.99,,,,,,,,,"Gazole,SP95,E85","GPLc,E10,SP98",,,Non,"Toilettes publiques,Douches,Boutique alimentaire,Station de gonflage,Carburant additivé,Lavage automatique,Lavage manuel,Vente de gaz domestique (Butane, Propane)",Seine-et-Marne,77,Île-de-France,11
56580001,48.061, -2.69,56580,R,16 rue chateaubriand,Bréhan,2026-06-15 08:19:31,1.939,2026-06-08 06:45:10,1.989,,,,,2026-06-08 06:45:10,2.029,,,,,"Gazole,SP95,SP98","E85,GPLc,E10",,E85;GPLc;E10,Oui,"Relais colis,Station de gonflage,Aire de camping-cars,Piste poids lourds,Lavage automatique,Lavage manuel,Vente de gaz domestique (Butane, Propane),Automate CB 24/24,DAB (Distributeur automatique de billets)",Morbihan,56,Bretagne,53
33340001,45.3103, -0.93839,33340,R,25 COURS GEORGES MANDEL,Lesparre-Médoc,2026-06-18 07:02:01,1.93,,,,,2026-06-18 07:02:01,1.936,2026-06-18 07:02:01,1.99,,2024-03-10T08:35:19+00:00,definitive,,"Gazole,E10,SP98","SP95,E85,GPLc",,SP95;E85;GPLc,Non,"Boutique alimentaire,Station de gonflage,Carburant additivé,Piste poids lourds,Lavage automatique,Lavage manuel",Gironde,33,Nouvelle-Aquitaine,75
39700013,47.116137241037, 5.5385215038275,39700,R,ROUTE NATIONALE 73,Rochefort-sur-Nenon,,,,,,,,,,,2026-05-20T20:56:52+00:00,,,temporaire,,,Gazole;E85;E10;SP98,,Non,DAB (Distributeur automatique de billets),Jura,39,Bourgogne-Franche-Comté,27
54450002,48.644, 6.806,54450,R,11 GRANDE RUE,Avricourt,2026-06-17 06:43:03,2.04,2026-06-02 11:02:40,1.961,,,,,,,2017-11-02T06:50:22+00:00,,,,"Gazole,SP95","E85,GPLc,E10,SP98",,E85;GPLc;E10;SP98,Non,Boutique non alimentaire,Meurthe-et-Moselle,54,Grand Est,44
21240003,47.341, 4.997,21240,R,8 Rue Charles Dullin,Talant,2026-06-18 11:06:39,1.869,2026-06-18 11:06:40,1.899,,,2026-06-18 11:06:40,1.859,2026-06-18 11:06:40,1.959,,,,,"Gazole,SP95,E10,SP98","E85,GPLc",,GPLc,Non,"Toilettes publiques,Relais colis,Boutique alimentaire,Boutique non alimentaire,Restauration à emporter,Restauration sur place,Bar,Carburant additivé,Piste poids lourds,Vente de gaz domestique (Butane, Propane),DAB (Distributeur automatique de billets)",Côte-d'Or,21,Bourgogne-Franche-Comté,27
92160006,48.738, 2.295,92160,R,100 AV DU PRESIDENT KENNEDY,Antony,2026-06-18 00:01:00,1.865,,,,,2026-06-18 00:01:00,1.882,2026-06-18 00:01:00,1.99,,,,,"Gazole,E10,SP98","SP95,E85,GPLc",,,Non,"Boutique alimentaire,Boutique non alimentaire,Station de gonflage,Carburant additivé,Lavage automatique,Vente de gaz domestique (Butane, Propane)",Hauts-de-Seine,92,Île-de-France,11
29690002,48.368, -3.749,29690,R,Rue Paul Gauguin,Huelgoat,2026-06-15 12:03:50,1.949,2026-06-15 12:03:50,1.989,,,2026-06-15 12:03:50,1.929,,,2017-09-27T11:57:43+00:00,,,,"Gazole,SP95,E10","E85,GPLc,SP98",,SP98,Non,"Lavage manuel,Vente de gaz domestique (Butane, Propane)",Finistère,29,Bretagne,53
30300008,43.812, 4.63,30300,R,36 AVENUE DE FARCIENNES,Beaucaire,,,,,,,,,,,2025-03-20T08:16:50+00:00,2026-03-09T16:12:11+00:00,temporaire,temporaire,,,Gazole;SP95;SP98,,Non,"Toilettes publiques,Boutique alimentaire,Station de gonflage,Location de véhicule,Lavage automatique,Services réparation / entretien,Vente de gaz domestique (Butane, Propane)",Gard,30,Occitanie,76
94600003,48.768, 2.403,94600,R,14 Boulevard de Stalingrad,Thiais,2026-06-17 04:59:00,1.934,,,,,2026-06-17 04:59:00,1.919,2026-06-17 04:59:00,1.999,,,,,"Gazole,E10,SP98","SP95,E85,GPLc",E85;GPLc,,Non,,Val-de-Marne,94,Île-de-France,11
72110002,48.277, 0.461,72110,R,3 rue du Perche,Saint-Cosme-en-Vairais,2026-06-17 16:03:15,1.959,,,,,2026-06-17 16:03:16,1.949,2026-06-17 16:03:16,2.059,,2022-05-16T19:52:41+00:00,definitive,,"Gazole,E10,SP98","SP95,E85,GPLc",,SP95;E85;GPLc,Oui,"Toilettes publiques,Laverie,Station de gonflage,Piste poids lourds,Lavage manuel,Vente de gaz domestique (Butane, Propane),Automate CB 24/24",Sarthe,72,Pays de la Loire,52
66510001,42.46292, 2.63868,66150,R,Route d'Amélie les Bains,Arles-sur-Tech,2026-05-30 06:32:24,2.09,,,2026-04-30 20:10:16,1.059,,,,,2026-05-16T18:47:07+00:00,2024-03-28T18:20:05+00:00,definitive,,"Gazole,E85","SP95,GPLc,E10,SP98",E10;SP98,SP95;GPLc,Non,"Boutique alimentaire,Boutique non alimentaire,Vente de fioul domestique,Station de gonflage,Carburant additivé,Piste poids lourds,Lavage automatique,Lavage manuel,Services réparation / entretien,DAB (Distributeur automatique de billets)",Pyrénées-Orientales,66,Occitanie,76
57100007,49.352, 6.16,57100,R,2 RUE STEPHEN LIEGEARD ROND POINT MERLIN,Thionville,2026-06-18 00:01:00,1.951,,,,,2026-06-18 00:01:00,1.951,2026-06-18 00:01:00,1.99,,2022-10-07T11:05:33+00:00,definitive,,"Gazole,GPLc,E10,SP98","SP95,E85",,SP95;E85,Oui,"Boutique alimentaire,Boutique non alimentaire,Station de gonflage,Carburant additivé,Lavage automatique,Lavage manuel,Vente de gaz domestique (Butane, Propane),Automate CB 24/24",Moselle,57,Grand Est,44
13420001,43.279, 5.615,13420,R,553 ROUTE DU VAISSEAU,Gémenos,2026-06-16 10:54:46,1.933,,,,,2026-06-16 11:20:07,1.903,2026-06-16 07:44:59,1.99,,2022-02-28T16:26:04+00:00,definitive,,"Gazole,E10,SP98","SP95,E85,GPLc",,SP95;E85;GPLc,Non,"Toilettes publiques,Vente de fioul domestique,Station de gonflage,Carburant additivé,Piste poids lourds,Vente de gaz domestique (Butane, Propane),DAB (Distributeur automatique de billets)",Bouches-du-Rhône,13,Provence-Alpes-Côte d'Azur,93
34920001,43.659613186824, 3.9361696295143,34920,R,Route de Jacou,Le Crès,2026-06-16 08:35:19,1.92,2026-06-16 08:35:19,1.92,2026-06-16 08:35:19,0.798,,,2026-06-16 08:35:19,1.999,,,,,"Gazole,SP95,E85,SP98","GPLc,E10",,GPLc;E10,Non,"Boutique alimentaire,Restauration à emporter,Station de gonflage,Location de véhicule,Piste poids lourds,Lavage automatique,Vente de gaz domestique (Butane, Propane),DAB (Distributeur automatique de billets)",Hérault,34,Occitanie,76
15100013,45.031, 3.093,15100,R,34 avenue de Verdun,Saint-Flour,2026-06-18 07:13:58,1.934,2026-06-18 07:13:58,1.99,,,,,,,2021-01-15T18:30:48+00:00,,,,"Gazole,SP95","E85,GPLc,E10,SP98",,E85;GPLc;E10;SP98,Oui,"Boutique alimentaire,Boutique non alimentaire,Automate CB 24/24",Cantal,15,Auvergne-Rhône-Alpes,84
56200004,47.778788439912006, -2.1260273830208,56200,R,ZAC du RAHUN,La Gacilly,2026-06-17 07:35:29,1.949,,,,,2026-06-13 08:14:00,1.919,2026-06-17 07:35:29,1.999,,2025-09-19T08:18:06+00:00,definitive,,"Gazole,E10,SP98","SP95,E85,GPLc",,SP95;E85;GPLc,Oui,"Toilettes publiques,Laverie,Boutique alimentaire,Vente de pétrole lampant,Station de gonflage,Piste poids lourds,Lavage automatique,Vente de gaz domestique (Butane, Propane),Automate CB 24/24",Morbihan,56,Bretagne,53
33114001,44.623, -0.787,33114,R,Avenue du Médoc ZAC Eyrialis,Le Barp,2026-06-15 06:50:30,1.999,,,,,2026-06-15 06:50:30,1.949,2026-06-15 06:50:30,2.089,,2022-09-01T11:16:17+00:00,definitive,,"Gazole,E10,SP98","SP95,E85,GPLc",,SP95;E85;GPLc,Non,"Laverie,Relais colis,Boutique alimentaire,Boutique non alimentaire,Restauration à emporter,Restauration sur place,Vente de pétrole lampant,Station de gonflage,Location de véhicule,Lavage automatique,Lavage manuel,Services réparation / entretien,Vente de gaz domestique (Butane, Propane),Vente d'additifs carburants,Wifi",Gironde,33,Nouvelle-Aquitaine,75
33440006,44.926153290504004, -0.52054201580751,33440,R,avenue des Industries,Ambarès-et-Lagrave,2026-06-17 23:50:00,2.029,,,,,2026-06-17 23:50:00,2.099,,,2025-06-04T10:23:18+00:00,2025-06-04T10:23:18+00:00,definitive,,"Gazole,E10","SP95,E85,GPLc,SP98",,SP95;E85;GPLc;SP98,Oui,"Carburant additivé,Automate CB 24/24",Gironde,33,Nouvelle-Aquitaine,75
86000021,46.589, 0.36,86000,R,"70, avenue John Kennedy",Poitiers,2026-06-18 00:22:00,2.119,,,2026-06-18 00:22:00,0.815,2026-06-18 00:22:00,2.079,2026-06-18 00:22:00,2.139,,2018-01-24T19:22:21+00:00,definitive,,"Gazole,E85,E10,SP98","SP95,GPLc",,SP95;GPLc,Oui,"Relais colis,Boutique alimentaire,Boutique non alimentaire,Station de gonflage,Carburant additivé,Piste poids lourds,Lavage manuel,Vente de gaz domestique (Butane, Propane),Vente d'additifs carburants,Automate CB 24/24",Vienne,86,Nouvelle-Aquitaine,75
31190002,43.348381304200004, 1.47203766924,31190,R,RN20,Auterive,2026-06-17 11:46:39,1.899,2026-06-12 06:09:29,1.999,,,2026-06-12 06:09:29,1.899,2026-06-12 06:09:29,2.049,,,,,"Gazole,SP95,E10,SP98","E85,GPLc",,E85;GPLc,Non,"Vente de gaz domestique (Butane, Propane),DAB (Distributeur automatique de billets)",Haute-Garonne,31,Occitanie,76
56530001,47.79, -3.421,56530,R,Place Pierre Quinio,Quéven,2026-06-17 09:07:08,1.889,,,,,2026-06-17 09:07:09,1.879,2026-06-17 09:07:09,1.979,,2017-08-29T10:32:53+00:00,definitive,,"Gazole,E10,SP98","SP95,E85,GPLc",,SP95;E85;GPLc,Oui,"Toilettes publiques,Laverie,Relais colis,Boutique alimentaire,Boutique non alimentaire,Restauration sur place,Location de véhicule,Vente de gaz domestique (Butane, Propane),Bornes électriques,Wifi,Automate CB 24/24,DAB (Distributeur automatique de billets)",Morbihan,56,Bretagne,53
74000004,45.917, 6.128,74000,R,AVENUE DE LA PLAINE,Annecy,2026-06-17 13:21:00,1.925,,,2026-06-17 13:20:00,0.944,2026-06-17 13:20:00,1.896,2026-06-17 13:20:00,2.019,,,,,"Gazole,E85,E10,SP98","SP95,GPLc",,,Non,,Haute-Savoie,74,Auvergne-Rhône-Alpes,84
87120005,45.738215264962, 1.7352501557588,87120,R,"1, rue Léon Jouhaud - Claud",Eymoutiers,2026-06-16 06:52:44,1.969,,,,,2026-06-16 06:52:44,1.959,2026-06-16 06:52:44,2.069,,,,,"Gazole,E10,SP98","SP95,E85,GPLc",,,Oui,"Laverie,Station de gonflage,Piste poids lourds,Automate CB 24/24",Haute-Vienne,87,Nouvelle-Aquitaine,75
78120005,48.647, 1.856,78120,R,rue Clos Batant,Rambouillet,2026-06-16 08:10:23,1.916,2026-06-16 08:10:23,1.965,,,2026-06-16 08:10:23,1.926,2026-06-16 08:10:23,2.061,,,,,"Gazole,SP95,E10,SP98","E85,GPLc",,E85;GPLc,Oui,"Toilettes publiques,Boutique alimentaire,Boutique non alimentaire,Restauration à emporter,Restauration sur place,Bar,Station de gonflage,Location de véhicule,Piste poids lourds,Espace bébé,Vente de gaz domestique (Butane, Propane),Bornes électriques,Automate CB 24/24,DAB (Distributeur automatique de billets)",Yvelines,78,Île-de-France,11
95440001,49.027, 2.369,95440,R,56 Rue de la Libération,Écouen,2026-06-17 08:06:25,1.925,,,2026-06-17 08:06:25,0.833,2026-06-17 08:06:25,1.94,2026-06-17 08:06:25,1.989,,2017-09-05T11:09:43+00:00,definitive,,"Gazole,E85,E10,SP98","SP95,GPLc",,SP95;GPLc,Oui,"Station de gonflage,Location de véhicule,Lavage automatique,Lavage manuel,Vente de gaz domestique (Butane, Propane),Wifi,Automate CB 24/24,DAB (Distributeur automatique de billets)",Val-d'Oise,95,Île-de-France,11
95570007,49.041, 2.343,95570,R,RN1,Moisselles,2026-06-17 12:21:00,2.028,,,,,2026-06-17 12:21:00,1.904,2026-06-17 12:21:00,2.035,,2022-10-14T16:35:39+00:00,temporaire,,"Gazole,E10,SP98","SP95,E85,GPLc",SP95,,Non,"Station de gonflage,Carburant additivé,Piste poids lourds,Lavage automatique,DAB (Distributeur automatique de billets)",Val-d'Oise,95,Île-de-France,11
84220003,43.864, 5.291,84220,R,ZA PIED ROUSSET LES DEVENS,Roussillon,2026-06-17 04:54:16,1.968,,,2026-06-17 04:54:16,0.899,2026-06-17 04:54:16,1.944,,,2023-08-22T16:27:04+00:00,2023-08-22T16:27:04+00:00,definitive,,"Gazole,E85,E10","SP95,GPLc,SP98",,SP95;GPLc;SP98,Oui,"Piste poids lourds,Automate CB 24/24",Vaucluse,84,Provence-Alpes-Côte d'Azur,93
33320003,44.881, -0.651,33320,R,170 Avenue du Taillan Médoc,Eysines,2026-06-16 08:15:45,1.899,,,,,2026-06-16 08:15:45,1.892,2026-06-16 08:15:45,1.999,,2024-11-29T08:33:26+00:00,definitive,,"Gazole,E10,SP98","SP95,E85,GPLc",,SP95;E85;GPLc,Oui,"Laverie,Station de gonflage,Vente de gaz domestique (Butane, Propane),Automate CB 24/24,DAB (Distributeur automatique de billets)",Gironde,33,Nouvelle-Aquitaine,75
66250001,42.773, 3.011,66250,R,Route du Barcarès,Saint-Laurent-de-la-Salanque,2026-06-18 08:05:44,1.921,,,,,2026-06-17 08:03:58,1.939,2026-06-17 14:12:29,1.99,,2018-05-18T10:02:26+00:00,definitive,,"Gazole,E10,SP98","SP95,E85,GPLc",,SP95;E85;GPLc,Oui,"Boutique alimentaire,Boutique non alimentaire,Vente de fioul domestique,Station de gonflage,Carburant additivé,Piste poids lourds,Lavage automatique,Lavage manuel,Services réparation / entretien,Vente de gaz domestique (Butane, Propane),Vente d'additifs carburants,Automate CB 24/24",Pyrénées-Orientales,66,Occitanie,76
33370007,44.825, -0.444,33370,R,Bois Menu - Val Laurence,Fargues-Saint-Hilaire,2026-06-18 10:27:13,1.883,,,2026-06-18 10:27:14,0.796,2026-06-18 10:27:14,1.824,2026-06-18 10:27:14,1.982,,2021-05-07T15:31:43+00:00,definitive,,"Gazole,E85,E10,SP98","SP95,GPLc",,SP95;GPLc,Non,"Relais colis,Boutique alimentaire,Station de gonflage,Location de véhicule,Piste poids lourds,Lavage automatique,Lavage manuel,Vente de gaz domestique (Butane, Propane),DAB (Distributeur automatique de billets)",Gironde,33,Nouvelle-Aquitaine,75
68200019,47.73842999309301, 7.2941953372956,68200,R,238 BIS RUE DE BELFORT DORNACH,Mulhouse,2026-06-18 00:01:00,1.849,,,,,2026-06-18 00:01:00,1.825,2026-06-18 00:01:00,1.941,,2022-11-09T06:43:43+00:00,definitive,,"Gazole,E10,SP98","SP95,E85,GPLc",,SP95;E85;GPLc,Non,,Haut-Rhin,68,Grand Est,44
34540002,43.439, 3.7,34540,R,Route de Sète,Balaruc-les-Bains,2026-06-18 07:07:16,1.859,,,,,2026-06-17 07:03:30,1.879,2026-06-10 18:53:25,1.99,,2018-11-28T07:08:18+00:00,temporaire,,"Gazole,E10,SP98","SP95,E85,GPLc",SP95,E85;GPLc,Non,"Carburant additivé,Piste poids lourds,Lavage automatique,Services réparation / entretien,Vente de gaz domestique (Butane, Propane)",Hérault,34,Occitanie,76
73390007,45.548889302926, 6.157508723526,73390,A,AIRE DE L'ARCLUSAZ,Châteauneuf,2026-06-18 05:00:00,2.299,,,,,2026-06-18 05:00:00,2.229,2026-06-18 05:00:00,2.329,,,,,"Gazole,GPLc,E10,SP98","SP95,E85",,,Non,"Toilettes publiques,Douches,Boutique alimentaire,Station de gonflage,Carburant additivé,Espace bébé",Savoie,73,Auvergne-Rhône-Alpes,84
72400017,48.124964192082, 0.62210350597264,72400,A,AUT A11 AIRE DE LA FERTE BERNARD,Villaines-la-Gonais,2026-06-18 00:01:00,2.294,,,,,2026-06-18 00:01:00,2.224,2026-06-18 00:01:00,2.294,,,,,"Gazole,GPLc,E10,SP98","SP95,E85",,,Non,"Toilettes publiques,Douches,Boutique alimentaire,Restauration à emporter,Restauration sur place,Bar,Station de gonflage,Carburant additivé,Aire de camping-cars,Piste poids lourds,Espace bébé",Sarthe,72,Pays de la Loire,52
82000007,44.025, 1.331,82000,R,395 AVENUE DE BORDEAUX,Montauban,2026-06-18 11:04:37,1.845,2026-06-18 11:04:37,1.892,,,2026-06-18 11:04:38,1.852,,,2026-03-27T18:13:33+00:00,,,,"Gazole,SP95,E10","E85,GPLc,SP98",E85;GPLc;SP98,,Oui,"Carburant additivé,Automate CB 24/24",Tarn-et-Garonne,82,Occitanie,76
74210003,45.75333, 6.27791,74210,R,ZA les Boucheroz RN 508,Faverges-Seythenex,2026-06-18 07:49:37,1.919,2026-06-18 07:49:37,1.969,,,2026-06-18 07:49:38,1.899,,,2017-09-01T08:16:03+00:00,,,,"Gazole,SP95,E10","E85,GPLc,SP98",,E85;GPLc;SP98,Non,"Vente de gaz domestique (Butane, Propane),DAB (Distributeur automatique de billets)",Haute-Savoie,74,Auvergne-Rhône-Alpes,84
7430002,45.261, 4.703,7430,R,Route de Lyon,Davézieux,2026-06-16 13:19:09,1.946,,,2026-06-12 08:06:31,0.743,2026-06-16 13:19:09,1.902,2026-06-16 13:19:09,2.024,,2022-10-24T18:23:20+00:00,definitive,,"Gazole,E85,E10,SP98","SP95,GPLc",,SP95;GPLc,Non,"Relais colis,Location de véhicule,Vente de gaz domestique (Butane, Propane),DAB (Distributeur automatique de billets)",Ardèche,07,Auvergne-Rhône-Alpes,84
92130005,48.818, 2.277,92130,R,115 Avenue du Général de Gaulle,Issy-les-Moulineaux,2026-06-17 12:21:00,1.924,,,2026-06-17 12:21:00,0.925,2026-06-17 12:21:00,1.912,2026-06-17 12:21:00,2.012,,,,,"Gazole,E85,E10,SP98","SP95,GPLc",,,Non,,Hauts-de-Seine,92,Île-de-France,11
77700006,48.880882982292, 2.8039516316236996,77700,R,1 RUE SUZANNE MASSON,Coupvray,2026-06-17 08:01:54,1.85,,,2026-06-05 05:38:19,0.789,2026-06-17 08:01:54,1.86,2026-06-17 08:01:54,1.93,,2026-04-17T06:07:43+00:00,definitive,,"Gazole,E85,E10,SP98","SP95,GPLc",,SP95;GPLc,Oui,"Station de gonflage,Lavage automatique,Bornes électriques,Vente d'additifs carburants,Wifi,Automate CB 24/24",Seine-et-Marne,77,Île-de-France,11
7100006,45.235, 4.672,7100,R,Route du 4ème Spahis,Annonay,2026-06-17 05:52:38,1.999,2026-06-17 05:52:38,1.99,,,,,,,2026-05-07T19:11:55+00:00,,,,"Gazole,SP95","E85,GPLc,E10,SP98",SP98,E85;GPLc;E10,Oui,"Toilettes publiques,Boutique non alimentaire,Station de gonflage,Carburant additivé,Lavage automatique,Lavage manuel,Vente de gaz domestique (Butane, Propane),Vente d'additifs carburants,Automate CB 24/24",Ardèche,07,Auvergne-Rhône-Alpes,84
94190002,48.754, 2.45,94190,R,20 Rue Winston Churchill,Villeneuve-Saint-Georges,2026-06-18 11:21:00,1.897,,,,,2026-06-18 11:21:00,1.872,2026-06-18 11:21:00,1.994,,,,,"Gazole,E10,SP98","SP95,E85,GPLc",E85;GPLc,,Non,,Val-de-Marne,94,Île-de-France,11
51350001,49.216, 4.057,51350,R,Route de louvois,Cormontreuil,2026-06-18 10:20:39,1.927,,,2026-06-15 10:54:06,0.798,2026-06-17 10:32:10,1.915,2026-06-16 10:13:03,2.04,,2024-07-15T10:44:48+00:00,definitive,,"Gazole,E85,GPLc,E10,SP98",SP95,,SP95,Oui,"Toilettes publiques,Relais colis,Boutique alimentaire,Boutique non alimentaire,Restauration à emporter,Restauration sur place,Bar,Vente de fioul domestique,Vente de pétrole lampant,Station de gonflage,Carburant additivé,Location de véhicule,Lavage automatique,Lavage manuel,Espace bébé,Vente de gaz domestique (Butane, Propane),Bornes électriques,Vente d'additifs carburants,Wifi,Automate CB 24/24,DAB (Distributeur automatique de billets)",Marne,51,Grand Est,44
63140001,45.923, 3.063,63140,R,65 avenue de Belgique,Châtel-Guyon,2026-06-17 09:10:52,1.96,,,,,2026-06-17 09:10:52,1.956,2026-06-17 09:10:53,1.99,,2017-09-01T11:45:09+00:00,definitive,,"Gazole,E10,SP98","SP95,E85,GPLc",,SP95;E85;GPLc,Oui,"Boutique alimentaire,Boutique non alimentaire,Station de gonflage,Carburant additivé,Piste poids lourds,Lavage automatique,Lavage manuel,Services réparation / entretien,Vente de gaz domestique (Butane, Propane),Vente d'additifs carburants,Automate CB 24/24",Puy-de-Dôme,63,Auvergne-Rhône-Alpes,84
27310008,49.352603499999994, 0.8063697999999999,27310,R,405 RUE DES PORTES,Bourg-Achard,2026-06-02 09:24:30,1.999,2026-06-02 09:24:30,1.999,,,,,2026-06-02 09:24:30,2.069,,,,,"Gazole,SP95,SP98","E85,GPLc,E10",,E85;GPLc;E10,Non,"Toilettes publiques,Relais colis,Boutique alimentaire,Boutique non alimentaire,Station de gonflage,Location de véhicule,Lavage manuel,Vente de gaz domestique (Butane, Propane),DAB (Distributeur automatique de billets)",Eure,27,Normandie,28
1640003,46.03487603046899, 5.3894526948339,1640,R,573 route de Geneve,Saint-Jean-le-Vieux,2026-06-06 11:16:32,2.16,2026-05-18 16:45:33,1.99,,,,,,,2023-05-12T21:23:47+00:00,,,,"Gazole,SP95","E85,GPLc,E10,SP98",,E85;GPLc;E10;SP98,Oui,Automate CB 24/24,Ain,01,Auvergne-Rhône-Alpes,84
49330004,47.664215062238, -0.5604599008804501,49330,R,ROUTE D'ANGERS,Les Hauts-d'Anjou,2026-06-16 14:09:31,2.05,2026-06-16 14:09:32,1.96,,,,,,,2024-09-25T12:03:58+00:00,,,,"Gazole,SP95","E85,GPLc,E10,SP98",,E85;GPLc;E10;SP98,Non,Location de véhicule,Maine-et-Loire,49,Pays de la Loire,52
44120005,47.173, -1.474,44120,R,BOULEVARD DE L'EUROPE,Vertou,2026-06-18 00:01:00,1.82,,,2026-06-18 00:01:00,0.812,2026-06-18 00:01:00,1.824,2026-06-18 00:01:00,1.941,,,,,"Gazole,E85,GPLc,E10,SP98",SP95,,,Oui,"Boutique alimentaire,Boutique non alimentaire,Station de gonflage,Carburant additivé,Piste poids lourds,Lavage automatique,Services réparation / entretien,Vente de gaz domestique (Butane, Propane),Vente d'additifs carburants,Wifi,Automate CB 24/24",Loire-Atlantique,44,Pays de la Loire,52
33000014,44.855, -0.592,33000,R,26 Boulevard Pierre 1er,Bordeaux,2026-06-18 11:35:46,1.839,,,,,2026-06-18 11:35:46,1.849,2026-06-18 11:35:46,1.959,,,,,"Gazole,E10,SP98","SP95,E85,GPLc",,,Oui,"Station de gonflage,Carburant additivé,Automate CB 24/24",Gironde,33,Nouvelle-Aquitaine,75
95310010,49.04, 2.116,95310,R,52 RUE DE PARIS,Saint-Ouen-l'Aumône,2026-06-18 11:23:05,1.909,,,,,2026-06-18 11:23:05,1.919,2026-06-18 11:23:05,2.039,,,,,"Gazole,E10,SP98","SP95,E85,GPLc",,,Oui,"Boutique alimentaire,Boutique non alimentaire,Station de gonflage,Carburant additivé,Lavage automatique,Services réparation / entretien,Vente de gaz domestique (Butane, Propane),Automate CB 24/24",Val-d'Oise,95,Île-de-France,11
44270001,46.999, -1.817,44270,R,Boulevard des Prises,Machecoul-Saint-Même,2026-06-18 09:00:00,1.855,2026-06-18 09:00:00,1.95,2026-06-18 09:00:00,0.779,,,2026-06-18 09:00:00,1.97,,,,,"Gazole,SP95,E85,SP98","GPLc,E10",,GPLc;E10,Oui,"Toilettes publiques,Laverie,Relais colis,Restauration à emporter,Vente de gaz domestique (Butane, Propane),Bornes électriques,Vente d'additifs carburants,Wifi,Automate CB 24/24,DAB (Distributeur automatique de billets)",Loire-Atlantique,44,Pays de la Loire,52
25220003,47.273, 6.102,25220,R,Zone Artisanale des Prés Chalots,Roche-lez-Beaupré,2026-06-13 10:27:47,2.008,2026-06-13 10:27:47,1.995,,,2026-06-13 10:27:48,1.899,2026-06-13 10:27:48,2.063,,,,,"Gazole,SP95,E10,SP98","E85,GPLc",,E85;GPLc,Non,"Station de gonflage,Location de véhicule,Piste poids lourds,Vente de gaz domestique (Butane, Propane),DAB (Distributeur automatique de billets)",Doubs,25,Bourgogne-Franche-Comté,27
47240003,44.168592033390006, 0.70122277605207,47240,R,94 ROUTE DE PUYMIROL,Lafox,2026-06-12 17:17:18,1.965,2026-06-12 17:17:18,1.971,2026-06-12 17:17:18,0.809,2026-06-12 17:17:18,1.902,2026-06-12 17:17:18,2.018,,,,,"Gazole,SP95,E85,E10,SP98",GPLc,,,Oui,"Laverie,Station de gonflage,Piste poids lourds,Lavage automatique,Vente de gaz domestique (Butane, Propane),Bornes électriques,Automate CB 24/24",Lot-et-Garonne,47,Nouvelle-Aquitaine,75
74330002,45.941, 6.088,74330,R,Route Nationale 508,Epagny Metz-Tessy,2026-06-18 06:17:13,2.05,2026-06-13 07:03:24,1.97,,,,,2026-06-13 07:03:25,1.97,,,,,"Gazole,SP95,SP98","E85,GPLc,E10",,E85;GPLc;E10,Oui,"Carburant additivé,Piste poids lourds,Vente de gaz domestique (Butane, Propane),Automate CB 24/24",Haute-Savoie,74,Auvergne-Rhône-Alpes,84
55200004,48.756, 5.585,55200,R,1 rue Jean Moulin,Commercy,2026-06-17 07:40:40,1.899,,,2026-06-12 06:56:46,0.809,2026-06-17 07:40:40,1.902,2026-06-17 07:40:40,2.014,,2017-09-07T09:10:15+00:00,definitive,,"Gazole,E85,E10,SP98","SP95,GPLc",,SP95;GPLc,Non,"Laverie,Lavage manuel,Vente de gaz domestique (Butane, Propane),DAB (Distributeur automatique de billets)",Meuse,55,Grand Est,44
30000016,43.815227701262, 4.3693488211645,30900,R,120 Chemin du Mas Fléchier,Nîmes,2026-06-18 09:23:00,1.824,2026-06-18 09:23:00,1.987,,,2026-06-18 09:23:00,1.833,,,2017-09-01T07:41:11+00:00,,,,"Gazole,SP95,E10","E85,GPLc,SP98",,E85;GPLc;SP98,Oui,"Station de gonflage,Lavage automatique,Lavage manuel,Automate CB 24/24",Gard,30,Occitanie,76
76630001,49.8971513, 1.2598235,76630,R,72 RUE DES CANADIENS,Envermeu,2026-06-02 08:16:48,2.029,2026-06-02 08:16:48,2.039,,,,,2026-06-02 08:16:48,2.119,,,,,"Gazole,SP95,SP98","E85,GPLc,E10",,,Oui,"Laverie,Relais colis,Boutique alimentaire,Boutique non alimentaire,Station de gonflage,Piste poids lourds,Lavage automatique,Vente de gaz domestique (Butane, Propane),Vente d'additifs carburants,Automate CB 24/24",Seine-Maritime,76,Normandie,28
31200022,43.616, 1.421,31200,R,55 BOULEVARD DE SUISSE,Toulouse,2026-06-18 00:01:00,1.839,,,,,,,,,,2026-03-18T10:45:01+00:00,definitive,,Gazole,"SP95,E85,GPLc,E10,SP98",,SP95;E85;GPLc,Non,"Boutique alimentaire,Boutique non alimentaire,Station de gonflage,Carburant additivé,Lavage automatique,Lavage manuel,Vente de gaz domestique (Butane, Propane)",Haute-Garonne,31,Occitanie,76
22250001,48.315, -2.25,22250,R,Rue du Pilaga,Broons,2026-06-17 09:17:50,1.899,2026-06-17 09:17:51,1.919,,,,,2026-06-17 09:17:51,1.989,,,,,"Gazole,SP95,SP98","E85,GPLc,E10",,E85;GPLc;E10,Oui,"Toilettes publiques,Relais colis,Boutique alimentaire,Boutique non alimentaire,Restauration à emporter,Station de gonflage,Location de véhicule,Piste poids lourds,Lavage automatique,Lavage manuel,Vente de gaz domestique (Butane, Propane),Vente d'additifs carburants,Automate CB 24/24,DAB (Distributeur automatique de billets)",Côtes-d'Armor,22,Bretagne,53
30500003,44.255, 4.203,30500,R,Route d'Uzès,Saint-Ambroix,2026-06-09 08:15:57,1.941,,,2026-06-02 08:30:00,0.798,2026-06-09 08:15:57,1.938,2026-06-09 08:15:57,2.156,,2020-03-04T12:43:01+00:00,definitive,,"Gazole,E85,E10,SP98","SP95,GPLc",,SP95;GPLc,Non,"Toilettes publiques,Laverie,Restauration à emporter,Location de véhicule,Vente de gaz domestique (Butane, Propane)",Gard,30,Occitanie,76
34420003,43.322, 3.291,34420,R,ZAE Pôle Méditerranée,Villeneuve-lès-Béziers,2026-06-18 08:51:52,1.832,2026-06-18 08:51:52,1.848,,,,,2026-06-18 08:51:52,1.968,,,,,"Gazole,SP95,SP98","E85,GPLc,E10",,E85;GPLc;E10,Oui,"Laverie,Relais colis,Boutique alimentaire,Restauration à emporter,Restauration sur place,Vente de pétrole lampant,Lavage automatique,Vente de gaz domestique (Butane, Propane),Automate CB 24/24,DAB (Distributeur automatique de billets)",Hérault,34,Occitanie,76
86310002,46.567, 0.86,86310,R,8 Avenue du Général de Gaulle,Saint-Savin,2026-06-18 12:37:46,1.899,2026-06-18 12:37:47,1.959,,,2026-06-18 12:37:47,1.899,,,2019-08-17T09:49:00+00:00,,,,"Gazole,SP95,E10","E85,GPLc,SP98",,E85;GPLc;SP98,Oui,"Laverie,Relais colis,Station de gonflage,Lavage automatique,Vente de gaz domestique (Butane, Propane),Bornes électriques,Automate CB 24/24",Vienne,86,Nouvelle-Aquitaine,75
12350002,44.424, 2.156,12350,R,Avenue du rouergue,Lanuéjouls,2026-06-15 11:17:40,1.949,,,,,2026-06-15 11:17:40,1.979,2026-06-15 11:17:40,2.039,,2018-04-18T11:13:16+00:00,definitive,,"Gazole,E10,SP98","SP95,E85,GPLc",,SP95;E85;GPLc,Oui,"Boutique alimentaire,Carburant additivé,Piste poids lourds,Vente de gaz domestique (Butane, Propane),Automate CB 24/24,DAB (Distributeur automatique de billets)",Aveyron,12,Occitanie,76
51240002,48.861, 4.485,51240,R,RN44,Pogny,2026-06-18 09:40:16,1.973,,,,,2026-06-09 06:34:27,1.935,2026-06-09 06:34:27,2.034,,2018-11-06T08:14:05+00:00,definitive,,"Gazole,E10,SP98","SP95,E85,GPLc",,SP95;E85;GPLc,Oui,"Laverie,Piste poids lourds,Vente de gaz domestique (Butane, Propane),Automate CB 24/24,DAB (Distributeur automatique de billets)",Marne,51,Grand Est,44
54230001,48.615, 6.104,54230,R,46 Rue du Capitaine Caillon,Neuves-Maisons,2026-06-17 16:41:00,1.982,,,,,2026-06-17 16:41:00,1.926,2026-06-17 16:41:00,2.097,,,,,"Gazole,E10,SP98","SP95,E85,GPLc",E85,,Non,,Meurthe-et-Moselle,54,Grand Est,44
80000008,49.894, 2.285,80000,R,28 Place du Maréchal Foch,Amiens,2026-06-17 16:41:00,1.966,,,,,2026-06-17 16:41:00,1.936,2026-06-17 16:41:00,2.016,,,,,"Gazole,E10,SP98","SP95,E85,GPLc",E85;GPLc,,Non,,Somme,80,Hauts-de-France,32
44220005,47.21363, -1.72222,44220,R,Boulevard Paul Langevin,Couëron,2026-06-12 08:23:15,1.949,2026-06-12 08:23:15,1.959,,,2026-06-12 08:23:15,1.899,,,2024-08-27T06:21:38+00:00,,,,"Gazole,SP95,E10","E85,GPLc,SP98",,E85;GPLc;SP98,Non,"Lavage manuel,Vente de gaz domestique (Butane, Propane),DAB (Distributeur automatique de billets)",Loire-Atlantique,44,Pays de la Loire,52
19200002,45.557, 2.302,19200,R,56 Avenue du Général Leclerc,Ussel,2026-06-05 06:27:02,2.09,2026-06-05 06:27:02,2.116,2026-06-05 06:27:02,0.946,,,,,2020-02-07T17:05:06+00:00,,,,"Gazole,SP95,E85","GPLc,E10,SP98",,GPLc;E10;SP98,Oui,"Toilettes publiques,Boutique non alimentaire,Vente de fioul domestique,Station de gonflage,Carburant additivé,Piste poids lourds,Lavage automatique,Lavage manuel,Services réparation / entretien,Vente de gaz domestique (Butane, Propane),Vente d'additifs carburants,Automate CB 24/24,DAB (Distributeur automatique de billets)",Corrèze,19,Nouvelle-Aquitaine,75
31150010,43.687548, 1.404265747,31150,R,RUE DES USINESCC TOULOUSE NORD,Fenouillet,2026-06-17 10:30:00,1.88,2026-06-17 10:30:00,1.929,,,2026-06-17 10:30:00,1.879,,,2024-05-14T14:36:24+00:00,,,,"Gazole,SP95,GPLc,E10","E85,SP98",,E85;SP98,Non,"Piste poids lourds,Lavage automatique,Lavage manuel,Vente de gaz domestique (Butane, Propane),DAB (Distributeur automatique de billets)",Haute-Garonne,31,Occitanie,76
69380004,45.856, 4.704,69380,R,473 Route de la Vallée,Civrieux-d'Azergues,2026-06-18 08:45:33,1.834,2026-06-18 08:45:33,1.889,,,2026-06-18 08:45:33,1.829,2026-06-18 08:45:33,1.939,,,,,"Gazole,SP95,E10,SP98","E85,GPLc",,E85;GPLc,Oui,"Toilettes publiques,Boutique alimentaire,Boutique non alimentaire,Restauration à emporter,Restauration sur place,Vente de fioul domestique,Vente de pétrole lampant,Station de gonflage,Piste poids lourds,Lavage manuel,Espace bébé,Vente de gaz domestique (Butane, Propane),Vente d'additifs carburants,Automate CB 24/24,DAB (Distributeur automatique de billets)",Rhône,69,Auvergne-Rhône-Alpes,84
85430001,46.5712, -1.50929,85430,R,Impasse Bellevue,Nieul-le-Dolent,2026-06-18 10:40:17,1.849,,,,,2026-06-18 10:40:18,1.859,2026-06-18 10:40:18,1.989,,2021-07-07T10:05:23+00:00,definitive,,"Gazole,E10,SP98","SP95,E85,GPLc",,SP95;E85;GPLc,Non,,Vendée,85,Pays de la Loire,52
93800003,48.96, 2.304,93800,R,86 Avenue de Lattre de Tassigny,Épinay-sur-Seine,2026-06-17 04:59:00,1.92,,,,,2026-06-17 04:59:00,1.915,2026-06-17 04:59:00,2.022,,,,,"Gazole,E10,SP98","SP95,E85,GPLc",E85;GPLc,,Non,,Seine-Saint-Denis,93,Île-de-France,11
74800001,46.06989, 6.30528,74800,R,Avenue de la Libération,La Roche-sur-Foron,2026-06-17 09:06:35,2.127,2026-04-08 12:26:41,1.99,,,,,,,2021-09-06T17:18:07+00:00,,,,"Gazole,SP95","E85,GPLc,E10,SP98",E85,GPLc;E10;SP98,Non,"Boutique alimentaire,Boutique non alimentaire,Vente de fioul domestique,Station de gonflage,Carburant additivé,Piste poids lourds,Lavage automatique,Lavage manuel,Services réparation / entretien,DAB (Distributeur automatique de billets)",Haute-Savoie,74,Auvergne-Rhône-Alpes,84
83520001,43.4393291651, 6.654951635940001,83520,R,QUARTIER LA GARONNE,Roquebrune-sur-Argens,2026-06-18 08:57:04,1.952,,,,,2026-06-18 08:57:04,1.958,,,2022-09-03T07:24:53+00:00,2022-09-03T07:24:53+00:00,definitive,,"Gazole,E10","SP95,E85,GPLc,SP98",,SP95;E85;GPLc;SP98,Non,"Boutique alimentaire,Boutique non alimentaire,Station de gonflage,Carburant additivé,Piste poids lourds,Lavage automatique,Lavage manuel,Services réparation / entretien,Vente de gaz domestique (Butane, Propane)",Var,83,Provence-Alpes-Côte d'Azur,93
33460003,44.994, -0.693,33460,R,13 avenue de soubeyran,Arsac,2026-06-13 08:50:01,2.09,2026-06-13 08:50:01,1.99,,,,,,,2021-06-16T17:43:15+00:00,,,,"Gazole,SP95","E85,GPLc,E10,SP98",,E85;GPLc;E10;SP98,Oui,"Toilettes publiques,Boutique non alimentaire,Station de gonflage,Carburant additivé,Piste poids lourds,Services réparation / entretien,Vente d'additifs carburants,Wifi,Automate CB 24/24",Gironde,33,Nouvelle-Aquitaine,75
4320001,43.949, 6.81,4320,R,STATION RN 4202,Entrevaux,2026-06-18 08:00:00,1.999,,,,,2026-06-18 08:00:00,1.979,2026-06-18 08:00:00,2.079,,2017-11-03T09:45:14+00:00,temporaire,,"Gazole,E10,SP98","SP95,E85,GPLc",SP95,,Non,"Toilettes publiques,Boutique alimentaire,Vente de fioul domestique,Station de gonflage,Carburant additivé,Piste poids lourds,Services réparation / entretien,Vente de gaz domestique (Butane, Propane),DAB (Distributeur automatique de billets)",Alpes-de-Haute-Provence,04,Provence-Alpes-Côte d'Azur,93
1630005,46.253550323499006, 6.0270333349454,1630,R,50 Rue de la Faucille,Saint-Genis-Pouilly,2026-06-17 00:00:00,1.959,,,2026-06-17 00:00:00,0.799,2026-06-17 00:00:00,1.949,2026-06-17 00:00:00,1.999,,2024-01-05T09:15:08+00:00,definitive,,"Gazole,E85,E10,SP98","SP95,GPLc",,SP95;GPLc,Non,,Ain,01,Auvergne-Rhône-Alpes,84
13270005,43.464952910717, 4.9406707421088,13270,R,Avenue Georges Pompidou,Fos-sur-Mer,2026-06-18 08:00:55,1.798,,,2026-06-12 04:39:25,0.809,2026-06-12 04:39:26,1.899,2026-06-12 04:39:26,1.988,,,,,"Gazole,E85,E10,SP98","SP95,GPLc",,,Non,"Vente de fioul domestique,Lavage manuel,Vente de gaz domestique (Butane, Propane),DAB (Distributeur automatique de billets)",Bouches-du-Rhône,13,Provence-Alpes-Côte d'Azur,93
21400005,47.867, 4.572,21400,R,Chaussée de l'Europe,Châtillon-sur-Seine,2026-06-17 11:56:15,1.939,,,2026-05-16 10:03:56,0.809,2026-06-17 11:56:15,1.899,2026-06-09 09:11:32,2.059,,2022-11-12T11:11:20+00:00,definitive,,"Gazole,E85,E10,SP98","SP95,GPLc",,SP95;GPLc,Oui,"Toilettes publiques,Laverie,Relais colis,Boutique non alimentaire,Restauration à emporter,Restauration sur place,Bar,Vente de pétrole lampant,Station de gonflage,Location de véhicule,Piste poids lourds,Espace bébé,Vente de gaz domestique (Butane, Propane),Wifi,Automate CB 24/24,DAB (Distributeur automatique de billets)",Côte-d'Or,21,Bourgogne-Franche-Comté,27
13270004,43.441, 4.94,13270,R,DEVIATION RN 568 OUEST,Fos-sur-Mer,2026-06-17 13:20:00,1.848,,,,,2026-06-17 13:20:00,1.843,2026-06-17 13:20:00,1.95,,,,,"Gazole,E10,SP98","SP95,E85,GPLc",,,Non,,Bouches-du-Rhône,13,Provence-Alpes-Côte d'Azur,93
95100011,48.943, 2.253,95100,R,2 Avenue Gabriel Péri,Argenteuil,2026-06-17 13:23:00,1.916,,,2026-06-17 13:23:00,0.924,2026-06-17 13:23:00,1.912,2026-06-17 13:23:00,2.01,,,,,"Gazole,E85,E10,SP98","SP95,GPLc",GPLc,,Non,,Val-d'Oise,95,Île-de-France,11
13990002,43.727, 4.712,13990,R,70 cours Hyacinthe Bellon,Fontvieille,2026-06-18 06:40:47,1.979,,,,,2026-06-18 06:40:47,1.985,2026-06-18 06:40:47,2.055,,2025-02-18T04:26:03+00:00,definitive,,"Gazole,E10,SP98","SP95,E85,GPLc",,SP95;E85;GPLc,Oui,"Boutique alimentaire,Boutique non alimentaire,Vente de fioul domestique,Station de gonflage,Carburant additivé,Lavage manuel,Services réparation / entretien,Vente de gaz domestique (Butane, Propane),Vente d'additifs carburants,Automate CB 24/24",Bouches-du-Rhône,13,Provence-Alpes-Côte d'Azur,93
74960003,45.906, 6.113,74960,R,1 Avenue de la République,Annecy,2026-06-17 13:20:00,1.908,,,,,2026-06-17 13:20:00,1.898,2026-06-17 13:20:00,2.021,,,,,"Gazole,E10,SP98","SP95,E85,GPLc",,,Non,,Haute-Savoie,74,Auvergne-Rhône-Alpes,84
20110006,41.671966, 8.908768,20110,R,4 Quartier Saint Joseph,Propriano,2026-06-17 20:26:33,2.09,2026-06-18 10:52:18,1.98,,,,,,,,,,,"Gazole,SP95,GPLc","E85,E10,SP98",,,Non,"Laverie,Boutique alimentaire,Boutique non alimentaire,Aire de camping-cars,Piste poids lourds,Lavage automatique,Lavage manuel,Espace bébé,Vente de gaz domestique (Butane, Propane),Wifi,Automate CB 24/24",Corse-du-Sud,2A,Corse,94
38690007,45.384529100857, 5.4723476793111,38690,A,AUTOROUTE A 48 GARE DE PEAGE,Colombe,,,,,,,,,2026-06-18 09:00:00,2.39,,,,,SP98,"Gazole,SP95,E85,GPLc,E10",,,Non,,Isère,38,Auvergne-Rhône-Alpes,84
49150001,47.54522912429, -0.11035160149824,49150,R,Av. d'Angers,Baugé-en-Anjou,2026-06-18 07:44:59,1.826,2026-06-17 10:15:13,1.961,2026-06-09 09:09:01,0.829,2026-06-18 10:03:24,1.879,2026-06-17 10:15:13,1.971,,,,,"Gazole,SP95,E85,E10,SP98",GPLc,,GPLc,Oui,"Station de gonflage,Piste poids lourds,Lavage automatique,Lavage manuel,Automate CB 24/24,DAB (Distributeur automatique de billets)",Maine-et-Loire,49,Pays de la Loire,52
68200018,47.762, 7.326,68200,R,185 AV DE COLMAR,Mulhouse,2026-06-18 00:01:00,1.843,,,2026-06-18 00:01:00,0.851,2026-06-18 00:01:00,1.821,2026-06-18 00:01:00,1.941,,2018-11-10T11:00:24+00:00,definitive,,"Gazole,E85,E10,SP98","SP95,GPLc",,SP95;GPLc,Oui,"Toilettes publiques,Boutique alimentaire,Boutique non alimentaire,Station de gonflage,Carburant additivé,Piste poids lourds,Lavage automatique,Vente de gaz domestique (Butane, Propane),Automate CB 24/24,DAB (Distributeur automatique de billets)",Haut-Rhin,68,Grand Est,44
6640002,43.743572997273, 7.1463555621190995,6640,R,QUARTIER LE PEYRON,Saint-Jeannet,2026-05-18 10:51:27,2.199,,,,,2026-06-08 08:48:09,2.169,2026-06-08 08:48:09,2.229,,2026-03-19T10:08:24+00:00,definitive,,"Gazole,E10,SP98","SP95,E85,GPLc",,SP95;E85;GPLc,Oui,"Station de gonflage,Vente de gaz domestique (Butane, Propane),Automate CB 24/24",Alpes-Maritimes,06,Provence-Alpes-Côte d'Azur,93
95220003,49.006, 2.172,95220,R,61 Boulevard DU HAVRE,Herblay-sur-Seine,2026-06-17 13:20:00,1.881,,,,,2026-06-17 13:20:00,1.902,2026-06-17 13:20:00,2.009,,,,,"Gazole,E10,SP98","SP95,E85,GPLc",E85;GPLc,,Non,,Val-d'Oise,95,Île-de-France,11
12100006,44.081, 3.042,12100,R,Avenue de Saint Affrique,Creissels,2026-06-18 08:51:27,1.867,,,,,2026-06-18 08:51:27,1.886,2026-06-17 08:35:24,1.973,,2017-11-02T08:54:09+00:00,definitive,,"Gazole,E10,SP98","SP95,E85,GPLc",,SP95;E85;GPLc,Oui,"Toilettes publiques,Laverie,Relais colis,Boutique alimentaire,Restauration à emporter,Restauration sur place,Bar,Vente de fioul domestique,Vente de pétrole lampant,Station de gonflage,Carburant additivé,Location de véhicule,Piste poids lourds,Lavage automatique,Lavage manuel,Vente de gaz domestique (Butane, Propane),Bornes électriques,Vente d'additifs carburants,Wifi,Automate CB 24/24,DAB (Distributeur automatique de billets)",Aveyron,12,Occitanie,76
47000009,44.211, 0.647,47000,R,"NETTO, 530 AVENUE LEON BLUM",Agen,2026-06-05 20:06:31,1.998,2026-06-02 20:06:23,1.989,2026-06-02 20:06:24,0.798,2026-06-02 20:06:24,1.999,,,2023-05-26T09:59:49+00:00,,,,"Gazole,SP95,E85,E10","GPLc,SP98",,GPLc;SP98,Oui,"Laverie,Boutique alimentaire,Vente de pétrole lampant,Station de gonflage,Lavage automatique,Lavage manuel,Automate CB 24/24",Lot-et-Garonne,47,Nouvelle-Aquitaine,75
30700003,44.00805, 4.41802,30700,R,10 CROIX PALMIER,Uzès,,,,,,,,,,,2018-01-02T07:09:54+00:00,2025-10-11T12:49:26+00:00,temporaire,temporaire,,,Gazole;SP95,,Non,"Boutique alimentaire,Boutique non alimentaire,Vente de fioul domestique,Station de gonflage,Carburant additivé,Piste poids lourds,Lavage automatique,Lavage manuel,Services réparation / entretien,DAB (Distributeur automatique de billets)",Gard,30,Occitanie,76
8210001,49.61023, 5.07788,8210,R,Avenue de la Paix,Mouzon,2026-06-08 07:30:22,2.13,,,,,2026-06-08 07:30:41,2.094,2026-06-08 07:31:00,2.176,,2025-06-16T10:55:27+00:00,definitive,,"Gazole,E10,SP98","SP95,E85,GPLc",,SP95;E85;GPLc,Non,"Boutique alimentaire,Boutique non alimentaire,Vente de fioul domestique,Station de gonflage,Carburant additivé,Piste poids lourds,Lavage automatique,Lavage manuel,Services réparation / entretien,DAB (Distributeur automatique de billets)",Ardennes,08,Grand Est,44
22500003,48.771071642219, -3.0400148040401,22500,R,"Rue Raymond Pellier Route De Lanvollon, D7",Paimpol,2026-06-18 08:06:16,1.836,,,,,2026-06-18 08:06:16,1.844,2026-06-18 08:06:16,1.954,,2025-10-14T09:24:19+00:00,definitive,,"Gazole,E10,SP98","SP95,E85,GPLc",,SP95;E85;GPLc,Non,"Boutique non alimentaire,Station de gonflage,Carburant additivé,Piste poids lourds,Services réparation / entretien,DAB (Distributeur automatique de billets)",Côtes-d'Armor,22,Bretagne,53
1390011,45.885505980051, 4.8936217878982,1390,A,AIRE DE MIONNAY OUEST,Mionnay,,,,,,,2026-06-18 09:30:00,2.263,2026-06-18 09:30:00,2.413,,2019-09-02T10:30:55+00:00,definitive,definitive,"E10,SP98","Gazole,SP95,E85,GPLc",,Gazole;SP95;E85;GPLc,Oui,"Toilettes publiques,Douches,Boutique alimentaire,Boutique non alimentaire,Restauration à emporter,Restauration sur place,Station de gonflage,Carburant additivé,Piste poids lourds,Espace bébé,Bornes électriques,Vente d'additifs carburants,Wifi,Automate CB 24/24",Ain,01,Auvergne-Rhône-Alpes,84
13500001,43.418, 5.053,13500,R,Avenue Julien Olive Canto-Perdrix,Martigues,2026-06-18 08:41:00,1.839,,,2026-06-18 07:41:38,0.799,2026-06-18 07:41:38,1.844,2026-06-18 07:41:38,1.936,,2025-04-24T07:37:41+00:00,definitive,,"Gazole,E85,GPLc,E10,SP98",SP95,,SP95,Oui,"Relais colis,Boutique non alimentaire,Restauration sur place,Station de gonflage,Carburant additivé,Vente de gaz domestique (Butane, Propane),Bornes électriques,Wifi,Automate CB 24/24,DAB (Distributeur automatique de billets)",Bouches-du-Rhône,13,Provence-Alpes-Côte d'Azur,93
74700005,45.944823296706, 6.6301218220889995,74700,R,934 AV. DE GENEVE,Sallanches,2026-06-18 00:01:00,1.881,,,2026-06-18 00:01:00,0.865,2026-06-18 00:01:00,1.893,,,2026-06-16T10:16:41+00:00,2024-06-26T20:18:54+00:00,definitive,,"Gazole,E85,GPLc,E10","SP95,SP98",SP98,SP95,Oui,"Boutique alimentaire,Boutique non alimentaire,Station de gonflage,Carburant additivé,Piste poids lourds,Vente de gaz domestique (Butane, Propane),Vente d'additifs carburants,Wifi,Automate CB 24/24",Haute-Savoie,74,Auvergne-Rhône-Alpes,84
